source_json,company_id,company_name,report_year,source_doc_id,risk_name,category,subcategory,exposure_score,evidence_quotes,evidence_interpretations,reason,mitigants,metric_hints,need_human_review,quality_sufficiency,quality_need_human_review,quality_notes
output/risk_exposure_sw3_430101_25_strict/02_stage2/A000002_2023/A000002_2023_risk_exposure.json,A000002,万科Ａ,2023,A000002_2023,销售与结算规模下滑,需求周期,住宅销售,3,"2023年本集团实现合同销售面积2,466.0万平方米，合同销售金额3,761.2亿元，同比分别下降 6.2% 和 9.8% || 房地产开发业务实现结算面积 2,961.5 万平方米，同比下降 12.9% ，实现结算收入 4,016.1 亿元，同比下降 9.6% || 截至报告期末，本集团合并报表范围内有 2,338.6 万平方米已售资源未竣工结算，较上年末下降30.4% ，合同金额合计约 3,604.4 亿元，较上年末下降 32.0%",合同销售面积和金额均同比下降，表明市场需求减弱，直接减少未来收入来源。 || 结算面积和收入双降，确认当期收入减少，对利润产生直接压力。 || 已售未结资源大幅下降，暗示未来可结转收入储备萎缩，持续影响未来业绩。,销售金额、结算收入、已售未结金额均显著下降，且降幅在9.8%至32%之间，直接冲击主营业务收入和未来业绩预期，属于高暴露。,精细化目标管理，提升去化表现；开拓多种销售渠道链接新老客户。,合同销售金额同比变化 || 结算收入同比变化 || 已售未结合同金额同比变化,False,sufficient,False,证据覆盖销售、盈利、负债、汇率等关键风险领域，每项风险均有可审计的量化数据支撑，符合年报披露范围。
output/risk_exposure_sw3_430101_25_strict/02_stage2/A000002_2023/A000002_2023_risk_exposure.json,A000002,万科Ａ,2023,A000002_2023,开发业务毛利率与利润大幅下降,市场价格,开发业务盈利,3,扣除税金及附加前，房地产开发及相关资产经营业务的毛利率为 15.4% ，较 2022 年下降 4.4 个百分点（本集团对经营性资产采用成本法核算，补回折旧摊销后，毛利率为 16.5% ，下降 4.3 个百分点）；其中开发业务的结算毛利率为 15.7% || 报告期内，本集团实现净利润 204.6 亿元，同比下降 45.6% ；实现权益净利润 121.6 亿元，同比下降46.4% ，主要原因是开发业务结算规模和结算毛利率均有下降，且对部分开发项目计提了减值,开发业务毛利率显著下滑，说明售价相对成本下降或成本控制恶化，压缩盈利空间。 || 净利润降幅接近一半，直接归因于开发业务毛利率下降和减值计提，盈利质量严重恶化。,毛利率下降超过4个百分点，净利润下降超45%，且有明确的减值影响，表明市场价格环境恶化直接损害盈利能力，属于高暴露。,本集团基于审慎的市场策略，对存在风险的项目计提存货跌价准备。,开发业务结算毛利率 || 归属净利润同比变化 || 存货跌价准备新增金额,False,sufficient,False,证据覆盖销售、盈利、负债、汇率等关键风险领域，每项风险均有可审计的量化数据支撑，符合年报披露范围。
output/risk_exposure_sw3_430101_25_strict/02_stage2/A000002_2023/A000002_2023_risk_exposure.json,A000002,万科Ａ,2023,A000002_2023,存货减值风险,市场价格,存货减值,3,"报告期内新增计提存货跌价准备 34.9亿元，影响归属于母公司股东的净利润29.5亿元。报告期末，存货跌价准备余额为 79.9亿元 || 资产减值损失(损失以“-”号填列） | (348,995.24) | (44,981.82) | -675.86% | 本年计提减值损失增加",大量计提存货跌价准备，直接削减当期利润，且余额较大，反映资产价值下跌风险。 || 资产减值损失同比暴增675.86%，主要由存货跌价准备增加所致，风险暴露急剧上升。,存货跌价准备新增34.9亿元，减值损失同比增加近7倍，直接影响净利润数十亿元，表明资产价值下行风险已实质兑现，属于高暴露。,基于审慎市场策略计提减值。,新增存货跌价准备金额 || 资产减值损失同比变化,False,sufficient,False,证据覆盖销售、盈利、负债、汇率等关键风险领域，每项风险均有可审计的量化数据支撑，符合年报披露范围。
output/risk_exposure_sw3_430101_25_strict/02_stage2/A000002_2023/A000002_2023_risk_exposure.json,A000002,万科Ａ,2023,A000002_2023,有息负债规模高企与净负债率上升,财务流动性,债务结构,2,"截至报告期末，本集团有息负债合计3,200.5亿元，占总资产的比例为 21.3% || 截至 2023 年底，本集团净负债率为 54.7% ，较 2022 年底提高 11.0 个百分点 || 有息负债中，一年内到期的有息负债 624.2亿元，占比为 19.5%",有息负债绝对规模大，占总资产比例超两成，财务杠杆较高。 || 净负债率大幅上升，表明债务相对于权益的增长更快，偿债压力加大。 || 短期债务超600亿元，存在集中到期压力，对流动性形成挑战。,有息负债总额3200亿元，净负债率上升11个百分点，一年内到期债务超600亿元，财务杠杆和短期偿债压力显著，但货币资金998亿元可覆盖短期债务，故归为中暴露。,持有货币资金 998.1 亿元，远高于一年内到期的有息负债总额 624.2 亿元。 || 深圳市国资委表态通过市场化方式支持万科应对风险。,有息负债总额 || 净负债率及同比变动 || 一年内到期有息负债金额,False,sufficient,False,证据覆盖销售、盈利、负债、汇率等关键风险领域，每项风险均有可审计的量化数据支撑，符合年报披露范围。
output/risk_exposure_sw3_430101_25_strict/02_stage2/A000002_2023/A000002_2023_risk_exposure.json,A000002,万科Ａ,2023,A000002_2023,汇率波动风险,汇率利率,汇兑损失,2,报告期内本集团产生汇兑亏损约人民币 5.5亿元，主要是由于公司持有部分卢布资产头寸，受卢布贬值所影响 || 分境内境外来看，境内负债占比 80.3% ，境外负债占比 19.7% 。人民币负债占比 80.9% ，外币负债占比19.1%,已产生明确汇兑损失，金额5.5亿元，直接影响利润。 || 境外负债和外币负债均接近20%，暴露于汇率波动之下。,已发生5.5亿元汇兑损失，且外币负债占比近20%，汇率波动对利润和债务成本有实质性影响，但公司使用套期工具部分对冲，故归为中暴露。,本集团坚持对外币资产/负债匹配性、期限结构、境外流动性风险等进行动态管理，采用自然对冲及综合考虑套期成本、适时购买套期保值工具，管控汇率风险敞口。 || 截至报告期末，本集团持有的交叉货币掉期(CCS)合约余额为10.0亿美元。,汇兑损失金额 || 外币负债占比,False,sufficient,False,证据覆盖销售、盈利、负债、汇率等关键风险领域，每项风险均有可审计的量化数据支撑，符合年报披露范围。
output/risk_exposure_sw3_430101_25_strict/02_stage2/A000002_2023/A000002_2023_risk_exposure.json,A000002,万科Ａ,2023,A000002_2023,利率变动风险,汇率利率,利率风险,1,分利率类型来看，有息负债中，固定利率负债占比 38.7% ，浮动利率负债占比 61.3%,超过六成的有息负债为浮动利率，若市场利率上行将增加利息支出，但年报未量化当前影响。,浮动利率负债占比高，存在利率波动影响财务费用的潜在风险，但年报未披露已实现损失或具体敏感度分析，证据力度较弱，归为低暴露。,,浮动利率负债占比,False,sufficient,False,证据覆盖销售、盈利、负债、汇率等关键风险领域，每项风险均有可审计的量化数据支撑，符合年报披露范围。
output/risk_exposure_sw3_430101_25_strict/02_stage2/A000006_2023/A000006_2023_risk_exposure.json,A000006,深振业Ａ,2023,A000006_2023,房地产市场需求下降,需求周期,收入下降,3,"房地产 | 营业收入 | 元 | 2,810,603,447.85 | 3,699,813,551.41 | -24.03% || 广东省 | 873,248,189.01 | 31.07% | 3,006,917,265.25 | 81.27% | -70.96%","该行显示公司房地产营业收入2023年为2,810,603,447.85元，较上年3,699,813,551.41元下降24.03%，直接证实了需求周期导致的收入下滑。 || 广东省作为公司收入贡献区域之一，2023年收入同比大幅下降70.96%，从约30亿元降至8.73亿元，进一步印证了区域市场需求疲弱。",公司主营业务为房地产，2023年房地产营业收入同比下降24.03%，且广东省收入骤降70.96%，表明市场需求显著萎缩，对收入构成重大影响。,公司将加快项目去化速度，保证公司现金流的安全稳定,房地产营业收入同比变动-24.03% || 广东省收入同比变动-70.96%,False,sufficient,False,证据主要来自财务数据和表格，可支撑上述风险判断。存货减值、现金流恶化、收入下降等证据直接且明确，担保和供应商集中度证据充分。
output/risk_exposure_sw3_430101_25_strict/02_stage2/A000006_2023/A000006_2023_risk_exposure.json,A000006,深振业Ａ,2023,A000006_2023,经营活动现金流恶化,财务流动性,现金流,3,"经营活动现金流入小计 2023 年较上年减少 42.30% ，主要系销售回款减少所致。 || 现金及现金等价物净增加额 | -910,763,543.45 | 1,863,139,037.49 | -148.88%",经营活动现金流入同比减少42.30%，直接反映销售回款能力下降，削弱了公司内部现金生成能力。 || 现金及现金等价物净增加额为负值9.1亿元，较上年正值下降148.88%，显示公司整体现金状况恶化。,经营活动现金流入大幅下降42.30%，同时现金净额由正转负，减少约9.1亿元，表明公司现金流紧张，可能影响日常运营和偿债能力。,公司将加快项目去化速度，保证公司现金流的安全稳定,"经营活动现金流入同比变动-42.30% || 现金及现金等价物净增加额-910,763,543.45元",False,sufficient,False,证据主要来自财务数据和表格，可支撑上述风险判断。存货减值、现金流恶化、收入下降等证据直接且明确，担保和供应商集中度证据充分。
output/risk_exposure_sw3_430101_25_strict/02_stage2/A000006_2023/A000006_2023_risk_exposure.json,A000006,深振业Ａ,2023,A000006_2023,存货减值导致亏损,市场价格,存货价值下跌,3,本年度计提存货减值准备 8.42亿元，导致本期净利润为负值。,2023年计提8.42亿元存货减值准备，直接使净利润由正转负，显示资产价值面临重大减损风险。,存货减值准备高达8.42亿元，直接导致净利润为负，对盈利能力和资产质量产生重大负面影响。,,存货减值准备8.42亿元,False,sufficient,False,证据主要来自财务数据和表格，可支撑上述风险判断。存货减值、现金流恶化、收入下降等证据直接且明确，担保和供应商集中度证据充分。
output/risk_exposure_sw3_430101_25_strict/02_stage2/A000006_2023/A000006_2023_risk_exposure.json,A000006,深振业Ａ,2023,A000006_2023,商品房承购人按揭担保,客户信用/集中度,按揭担保,2,截至 2023 年 12 月 31 日，公司累计为商品房承购人向银行提供抵押贷款担保金额合计约 36.22 亿元,公司为购房者提供的按揭担保余额高达36.22亿元，若购房者违约，公司需承担代偿责任，形成或有负债风险。,担保金额巨大，且为房地产行业普遍存在的或有负债，一旦大规模违约将对公司现金流和财务状况造成冲击。,,按揭担保余额36.22亿元,False,sufficient,False,证据主要来自财务数据和表格，可支撑上述风险判断。存货减值、现金流恶化、收入下降等证据直接且明确，担保和供应商集中度证据充分。
output/risk_exposure_sw3_430101_25_strict/02_stage2/A000006_2023/A000006_2023_risk_exposure.json,A000006,深振业Ａ,2023,A000006_2023,供应商集中度风险,供应链,采购集中,2,"前五名供应商合计采购金额（元） | 630,587,114.18 || 前五名供应商合计采购金额占年度采购总额比例 | 22.57%",前五名供应商采购总额为6.31亿元，显示公司采购集中于少数供应商。 || 前五名供应商采购占比22.57%，表明公司对主要供应商存在一定依赖，可能因供应商问题影响供应链稳定。,前五名供应商合计采购金额占年度采购总额的22.57%，集中度相对较高，若供应商出现交付或价格问题，可能影响项目进度和成本。,,前五名供应商采购占比22.57%,False,sufficient,False,证据主要来自财务数据和表格，可支撑上述风险判断。存货减值、现金流恶化、收入下降等证据直接且明确，担保和供应商集中度证据充分。
output/risk_exposure_sw3_430101_25_strict/02_stage2/A000011_2023/A000011_2023_risk_exposure.json,A000011,深物业A,2023,A000011_2023,房地产需求下滑,需求周期,房地产行业周期,3,"房地产 | 1,234,537,188.62 | 818,496,053.38 | 33.70% | -35.49% | 88.84% | -43.65%",房地产业务营业收入同比下降35.49%，营业成本同比上升88.84%，毛利率下降43.65个百分点，表明市场需求显著萎缩且成本失控，对收入和利润构成重大冲击。,房地产收入大幅下降、成本激增、毛利率暴跌，直接反映了需求周期下行风险，且影响金额大，对公司整体业绩影响显著。,,房地产营业收入同比增速: -35.49% || 房地产营业成本同比增速: 88.84% || 房地产毛利率同比变动: -43.65个百分点,False,sufficient,False,证据覆盖主要财务指标、集中度、融资、诉讼、汇率等领域，均来自年报原文，足以支撑风险判断。
output/risk_exposure_sw3_430101_25_strict/02_stage2/A000011_2023/A000011_2023_risk_exposure.json,A000011,深物业A,2023,A000011_2023,地区收入集中度风险,客户信用/集中度,地区集中度,3,"深圳 | 2,569,038,060.46 | 86.64% | 3,122,667,234.12 | 84.20% | -17.73% 其他 | 396,078,964.58 | 13.36% | 586,001,812.73 | 15.80% | -32.41%",深圳地区收入占总收入86.64%，且同比下降17.73%，其他地区仅占13.36%且下降32.41%，收入高度集中于单一地区，若深圳市场恶化将对公司收入产生重大不利影响。,收入高度集中于深圳地区（86.64%），且该地区收入同比下降，集中度风险暴露程度高，一旦深圳市场波动将严重影响公司整体收入。,,深圳地区收入占比: 86.64% || 深圳地区收入同比变动: -17.73% || 其他地区收入占比: 13.36%,False,sufficient,False,证据覆盖主要财务指标、集中度、融资、诉讼、汇率等领域，均来自年报原文，足以支撑风险判断。
output/risk_exposure_sw3_430101_25_strict/02_stage2/A000011_2023/A000011_2023_risk_exposure.json,A000011,深物业A,2023,A000011_2023,供应商集中度风险,供应链,采购集中度,3,"前五名供应商合计采购金额占年度采购总额比例 | 61.79% || 序号 | 供应商名称 | 采购额（元） | 占年度采购总额比例 1 | 中建三局第一建设工程有限责任公司 | 826,670,146.63 | 51.68%",前五名供应商采购占比高达61.79%，其中第一大供应商中建三局占51.68%，采购过度集中，一旦主要供应商出现问题将严重影响项目建设和成本。 || 第一大供应商采购额占年度采购总额的51.68%，具有绝对依赖关系，供应链中断风险极高。,前五名供应商合计采购占比61.79%，且第一名占比超过50%，采购集中度极高，对单一供应商依赖强，供应链断裂风险较大。,,前五名供应商采购占比: 61.79% || 第一大供应商采购占比: 51.68%,False,sufficient,False,证据覆盖主要财务指标、集中度、融资、诉讼、汇率等领域，均来自年报原文，足以支撑风险判断。
output/risk_exposure_sw3_430101_25_strict/02_stage2/A000011_2023/A000011_2023_risk_exposure.json,A000011,深物业A,2023,A000011_2023,客户集中度风险,客户信用/集中度,客户集中度,2,"前五名客户合计销售金额占年度销售总额比例 | 39.32% || 序号 | 客户名称 | 销售额（元) | 占年度销售总额比例 1 | 法人1 | 977,069,378.47 | 32.95%",前五名客户销售占比39.32%，其中第一大客户占比32.95%，客户集中度较高，若主要客户流失将影响收入稳定。 || 第一大客户销售额占年度销售总额的32.95%，依赖程度较高，存在客户集中风险。,前五名客户销售占比39.32%，第一大客户占比32.95%，客户集中度较高但未超过50%，暴露程度中等。,法人2与公司存在同一控制关系，可能降低信用风险,前五名客户销售占比: 39.32% || 第一大客户销售占比: 32.95%,False,sufficient,False,证据覆盖主要财务指标、集中度、融资、诉讼、汇率等领域，均来自年报原文，足以支撑风险判断。
output/risk_exposure_sw3_430101_25_strict/02_stage2/A000011_2023/A000011_2023_risk_exposure.json,A000011,深物业A,2023,A000011_2023,融资风险,财务流动性,外部融资依赖,2,公司积极增加土地储备，加速业务发展，在此过程中需投入大量的资金用于土地获取和项目开发。公司项目开发资金来源除自有资金外，还需要通过银行借款、发行有价证券等方式进行外部融资。,公司明确提及需大量资金用于土地储备和项目开发，且依赖外部融资，若融资环境变化或公司信用下降可能面临资金短缺。,公司主动披露需大量外部融资支持业务发展，但公司也声明财务状况稳健，风险暴露程度中等。,公司目前财务状况稳健、资信状况良好，未来将进一步严控财务风险，积极探索多种融资途径,对外部融资的依赖程度（定性描述）,False,sufficient,False,证据覆盖主要财务指标、集中度、融资、诉讼、汇率等领域，均来自年报原文，足以支撑风险判断。
output/risk_exposure_sw3_430101_25_strict/02_stage2/A000011_2023/A000011_2023_risk_exposure.json,A000011,深物业A,2023,A000011_2023,诉讼合规与资产冻结风险,诉讼合规治理,诉讼冻结,2,"期末使用权受到限制的货币资金中，存在 3,000,000.00元系子公司深圳市设施之家科技有限公司因合同纠纷诉前保全被法院冻结。 || 期末使用权受到限制的货币资金中，存在 90,000.00元系子公司深物业集团徐州大彭房地产开发有限公司房屋买卖合同纠纷案被冻结受限资金。 || 期末使用权受到限制的货币资金中，存在 18,570.85元系子公司深圳市保税区保安服务有限公司因劳动仲裁案被冻结受限资金。",子公司因合同纠纷导致300万元资金被法院冻结，显示诉讼风险已直接造成资产受限。 || 另一子公司因房屋买卖合同纠纷被冻结9万元，进一步说明公司涉诉事项较多，可能影响经营和声誉。 || 劳动仲裁导致资金冻结，反映人力资源合规领域的诉讼风险。,多个子公司因合同纠纷、房屋买卖纠纷、劳动仲裁等导致资金被冻结，虽然金额不大，但涉及面广，表明公司存在诉讼合规风险。,,"因诉讼被冻结的货币资金金额：合计约3,108,570.85元",False,sufficient,False,证据覆盖主要财务指标、集中度、融资、诉讼、汇率等领域，均来自年报原文，足以支撑风险判断。
output/risk_exposure_sw3_430101_25_strict/02_stage2/A000011_2023/A000011_2023_risk_exposure.json,A000011,深物业A,2023,A000011_2023,汇率波动风险,汇率利率,汇率变动,1,其他变动系汇率变化影响。,公司以公允价值计量的资产和负债中，变动部分归因于汇率变化，表明存在汇率波动风险，但未提供具体金额或量化影响。,仅提及汇率变化对公允价值计量产生影响，但无具体金额或重大程度描述，暴露程度低。,,汇率变动对公允价值计量的影响（定性）,False,sufficient,False,证据覆盖主要财务指标、集中度、融资、诉讼、汇率等领域，均来自年报原文，足以支撑风险判断。
output/risk_exposure_sw3_430101_25_strict/02_stage2/A000014_2023/A000014_2023_risk_exposure.json,A000014,沙河股份,2023,A000014_2023,存货减值风险,市场价格,存货可变现净值,2,"我们在审计中识别出的关键审计事项为存货可变现净值的评估： || 存货 | 1, 568,924, 599.38 | 62.45% | 1,907,086,088. 72 | 63.77% | -1.32%",存货可变现净值评估被列为关键审计事项，表明管理层对存货减值估计具有重大不确定性，且对财务报表影响重大。 || 存货占总资产62.45%，金额巨大，若市场价格下跌或项目销售不畅，可能面临减值风险。,存货是公司最主要的资产，且可变现净值评估被列为关键审计事项，表明减值风险对财务报表具有重大潜在影响。,,存货占总资产比例62.45% || 存货金额15.69亿,False,sufficient,False,基于存货、地区、供应商、担保和现金流波动等证据，识别了五项主要风险。
output/risk_exposure_sw3_430101_25_strict/02_stage2/A000014_2023/A000014_2023_risk_exposure.json,A000014,沙河股份,2023,A000014_2023,业务地区集中风险,需求周期,区域市场依赖,3,"湖南长沙 | 712,207,897. 02 | 51.27% | 741,031,743. 25 | 97.04% | -3.89% || 广东深圳 | 653,487,374. 05 | 47.04% | 9,431,191.31 | 1.24% | 6,829.00%",长沙地区营业收入占公司总营业收入的51.27%，是最主要的收入来源，单一地区依赖度高。 || 深圳地区营业收入占47.04%，与长沙合计超过98%，公司收入几乎完全依赖这两个地区，一旦任一地区市场下行，将对公司业绩产生重大影响。,公司营业收入高度集中于湖南长沙和广东深圳两个地区，占比合计超过98%，地区集中度极高，面临区域房地产市场波动的重大风险。,,湖南长沙收入占比51.27% || 广东深圳收入占比47.04% || 合计98.31%,False,sufficient,False,基于存货、地区、供应商、担保和现金流波动等证据，识别了五项主要风险。
output/risk_exposure_sw3_430101_25_strict/02_stage2/A000014_2023/A000014_2023_risk_exposure.json,A000014,沙河股份,2023,A000014_2023,供应商集中风险,供应链,采购集中度,2,"前五名供应商合计采购金额（元） | 92,383,315. 10 前五名供应商合计采购金额占年度采购总额比例 | 41. 57%",前五名供应商采购额占年度采购总额的41.57%，其中第一大供应商占10.37%，存在一定供应商集中风险，若主要供应商出现问题可能影响项目进度和成本。,前五名供应商合计采购比例超过40%，表明公司对主要供应商存在一定依赖，可能影响供应链稳定性。,,前五名供应商采购占比41.57%,False,sufficient,False,基于存货、地区、供应商、担保和现金流波动等证据，识别了五项主要风险。
output/risk_exposure_sw3_430101_25_strict/02_stage2/A000014_2023/A000014_2023_risk_exposure.json,A000014,沙河股份,2023,A000014_2023,商品房承购人按揭贷款担保风险,客户信用/集中度,个人客户信用,2,"报告期内，公司共向商品房承购人因银行抵押贷款提供 32,044.52万元担保，其中：长沙公司 15,151.26万元，新乡公司 16,810.81 万元。",公司为购房者提供按揭贷款担保，担保余额3.2亿元，若购房者违约，公司需承担代偿责任，形成或有负债。,担保金额3.2亿，相当于总资产12.8%，一旦大规模违约将对现金流产生压力。,,"担保金额32,044.52万元 || 长沙公司15,151.26万元 || 新乡公司16,810.81万元",False,sufficient,False,基于存货、地区、供应商、担保和现金流波动等证据，识别了五项主要风险。
output/risk_exposure_sw3_430101_25_strict/02_stage2/A000014_2023/A000014_2023_risk_exposure.json,A000014,沙河股份,2023,A000014_2023,经营活动现金流波动风险,财务流动性,现金流波动,2,"经营活动产生的现金流量净额 | 405,524,766.19 | -14, 721, 486. 36 | -108,292,368.40 | 197,401,102.70",公司经营活动现金流季度间波动巨大，第一季度净流入4.05亿，第二、三季度连续净流出，显示房地产项目回款不均衡，可能带来短期流动性压力。,经营活动现金流为负的季度表明公司依赖外部融资或自有资金维持运营，存在流动性管理风险。,,季度现金流波动范围从-1.08亿到4.05亿,False,sufficient,False,基于存货、地区、供应商、担保和现金流波动等证据，识别了五项主要风险。
output/risk_exposure_sw3_430101_25_strict/02_stage2/A000029_2023/A000029_2023_risk_exposure.json,A000029,深深房Ａ,2023,A000029_2023,房地产市场需求下行导致去化困难,需求周期,房地产市场需求低迷,3,楼市持续低迷导致公司存量项目去化难度加大，同时公司现存开发用地资源储备不足，新业务拓展尚未有实质成果，企业经营发展承压。 || 受市场、开发周期影响，公司房地产销售量同比下降 43.19%,本条原文直接陈述楼市低迷导致项目去化困难，表明需求端风险对公司收入产生重大影响。 || 定量证据显示房地产销售量同比下降43.19%，直接验证需求下行对收入的冲击。,楼市持续低迷和销售量大幅下降直接导致公司收入减少，现金流承压，且未来土地储备不足进一步制约增长，属于高暴露风险。,公司计划全力加大项目销售力度，着力推进存量去化 || 有针对性地制定土地拓展计划 || 积极探索符合公司发展实际的新路径,房地产销售量同比下降43.19% || 存量项目去化难度,False,sufficient,False,证据来自年报原文，风险识别直接且可量化，供应商集中度和需求下行有明确数据支撑，存货减值也有明确说明。
output/risk_exposure_sw3_430101_25_strict/02_stage2/A000029_2023/A000029_2023_risk_exposure.json,A000029,深深房Ａ,2023,A000029_2023,供应商集中度过高,供应链,供应商依赖,3,"前五名供应商合计采购金额（元） | 135,980, 783.49 前五名供应商合计采购金额占年度采购总额比例 | 94.52% || 法人一 | 117,030, 547. 22 | 81.34%",前五名供应商采购额占比高达94.52%，表明公司采购高度集中于少数供应商。 || 第一大供应商采购额占比81.34%，存在单一供应商依赖风险。,前五名供应商采购额占比94.52%，且第一大供应商超过80%，一旦供应商出现问题将严重冲击公司成本及项目进度，暴露度高。,,前五名供应商采购额占年度采购总额比例94.52% || 第一名供应商采购额占比81.34%,False,sufficient,False,证据来自年报原文，风险识别直接且可量化，供应商集中度和需求下行有明确数据支撑，存货减值也有明确说明。
output/risk_exposure_sw3_430101_25_strict/02_stage2/A000029_2023/A000029_2023_risk_exposure.json,A000029,深深房Ａ,2023,A000029_2023,存货减值风险,财务流动性,资产减值,2,"存货 | 3,915,215,921.96 | 60.37% | 4,257,109,614. 31 | 74.82% | -14. 45% | 主要是深房林馨苑项目减值所致。",存货占总资产60.37%，且减少14.45%的原因明确为项目减值，说明存在实质性资产价值损失。,存货规模巨大且发生减值，直接影响资产负债表质量和利润，但公司现金流尚可，故定为中等暴露。,公司持续关注项目风险并调整策略,存货占总资产比例60.37% || 存货减少比例14.45%（减值因素）,False,sufficient,False,证据来自年报原文，风险识别直接且可量化，供应商集中度和需求下行有明确数据支撑，存货减值也有明确说明。
output/risk_exposure_sw3_430101_25_strict/02_stage2/A000029_2023/A000029_2023_risk_exposure.json,A000029,深深房Ａ,2023,A000029_2023,土地储备不足制约未来发展,需求周期,资源储备,1,公司现存开发用地资源储备不足，新业务拓展尚未有实质成果，企业经营发展承压。,原文直接披露土地储备不足和新业务未突破，对企业持续经营构成压力，但无量化数据。,土地资源是房地产开发的基础，储备不足将影响未来收入，但当前未产生直接财务损失，暴露程度较低。,公司计划有针对性地制定土地拓展计划 || 积极探索符合公司发展实际的新路径,,False,sufficient,False,证据来自年报原文，风险识别直接且可量化，供应商集中度和需求下行有明确数据支撑，存货减值也有明确说明。
output/risk_exposure_sw3_430101_25_strict/02_stage2/A000036_2023/A000036_2023_risk_exposure.json,A000036,华联控股,2023,A000036_2023,政策调控与行业风险,政策监管,房地产调控,2,1.政策调控与行业风险。房地产已进入调整或深度调整发展阶段，若没有足够的现金流或信贷资金支持，公司拟建项目存在延期开发、延期竣工的风险。,公司明确将政策调控列为风险，指出在房地产调整阶段若缺乏现金流或信贷支持，拟建项目可能延期开发或竣工。,该风险直接影响公司拟建项目的开发进度，可能导致收入延迟确认或成本增加，但风险披露为一般性定性描述，缺乏具体量化数据。,财务部门要做好资金筹措和统筹资金使用，为在建、拟建地产项目提供资金保障和支持,,False,sufficient,False,风险证据主要来源于年报风险因素分析段落和分季度财务数据，证据充分。
output/risk_exposure_sw3_430101_25_strict/02_stage2/A000036_2023/A000036_2023_risk_exposure.json,A000036,华联控股,2023,A000036_2023,产品去化压力导致的经营风险,需求周期,产品去化,3,"2.经营风险。与住宅产品相比，公司目前在售主要为研发办公产品，受区域同类产品供过于求影响，存在去化压力大，产品销售不达预期目标风险。 || 华南地区 | 261,465,962.49 | 46.26% | 2,025,718,751.26 | 86.42% | -87.09%",公司明确产品供过于求导致的去化压力，可能使销售不达预期，直接冲击收入。 || 2023年华南地区营业收入同比大幅下降87.09%，印证了区域同类产品供过于求导致的销售压力。,房产销售是公司核心业务，华南地区收入下降87%直接减少收入，且风险因素明确指出了去化压力。,,华南地区营业收入比上年同期增减: -87.09%,False,sufficient,False,风险证据主要来源于年报风险因素分析段落和分季度财务数据，证据充分。
output/risk_exposure_sw3_430101_25_strict/02_stage2/A000036_2023/A000036_2023_risk_exposure.json,A000036,华联控股,2023,A000036_2023,现金流紧张风险,财务流动性,经营活动现金流,3,"经营活动产生的现金流量净额 | -324,202,909.61 | -686,218,067.33 | 64,631,773.68 | 7,669,890.93",2023年第一、二季度经营活动现金净流量为较大负数，全年合计约-9.38亿元，显示公司经营性现金净流出，流动性压力显著。,全年经营活动现金流为负，且金额超过9亿元，直接影响公司支付能力、偿债能力和持续经营。,财务部门要做好资金筹措和统筹资金使用，为在建、拟建地产项目提供资金保障和支持,经营活动产生的现金流量净额年度合计约-9.38亿元,False,sufficient,False,风险证据主要来源于年报风险因素分析段落和分季度财务数据，证据充分。
output/risk_exposure_sw3_430101_25_strict/02_stage2/A000036_2023/A000036_2023_risk_exposure.json,A000036,华联控股,2023,A000036_2023,城市更新政策变化风险,政策监管,城市更新,2,4.其他风险。城市更新政策变化及不可控性会直接影响公司城市更新项目的开发定位、产品属性和产品结构、申报进度及开发周期，正在申报的城市更新项目存在延期开发、申报结果存在不确定性等风险。,城市更新政策不确定性可能影响项目定位、进度和结果，导致项目延期或变更。,风险为定性描述，无量化数据，但政策变化可能对具体项目产生实质性影响。,,,False,sufficient,False,风险证据主要来源于年报风险因素分析段落和分季度财务数据，证据充分。
output/risk_exposure_sw3_430101_25_strict/02_stage2/A000042_2023/A000042_2023_risk_exposure.json,A000042,中洲控股,2023,A000042_2023,房地产市场需求下行,需求周期,行业周期,3,2023 年房地产行业仍受重挫，尽管政策已基本筑底，市场在逐步恢复，但当前市场端的转暖以及政策端利好传导到末端的中小型民营企业仍有待时间去验证，且居民收入预期弱、房价下跌预期仍在，该因素依然制约着市场修复的节奏。,年报明确描述2023年房地产行业受重挫，市场转暖传导缓慢，居民收入预期弱、房价下跌预期持续，直接制约市场修复，说明公司面临巨大的需求端风险。,该证据直接说明行业整体下行、需求疲软且预期不佳，公司作为房地产企业销售和收入受严重影响，证据中未提及缓释措施，暴露程度高。,公司采取一城一策、一盘一策营销原则，全力推行全民营销 || 加强政策及市场研判，及时调整经营策略,房地产销售面积、销售金额同比变化 || 营业收入同比变化,False,sufficient,False,"Evidence quotes are directly from the annual report, covering key risk areas with quantifiable data for two high-severity risks and clear descriptions for moderate risks."
output/risk_exposure_sw3_430101_25_strict/02_stage2/A000042_2023/A000042_2023_risk_exposure.json,A000042,中洲控股,2023,A000042_2023,房地产项目资产减值,市场价格,资产价值波动,3,受部分房地产项目计提资产减值准备影响，归属于上市公司股东的净利润-18.45亿元。,年报显示净利润亏损18.45亿元，直接原因是部分房地产项目计提资产减值准备，表明资产价值下跌对利润产生了重大负面冲击。,该证据明确量化了资产减值对净利润的直接损失，金额巨大，暴露程度高。,公司开展存量物业盘活，出租率及租金收入超额完成任务 || 严控资金，保障现金流平稳,资产减值损失金额（如存货跌价准备） || 净利润、毛利率变化,False,sufficient,False,"Evidence quotes are directly from the annual report, covering key risk areas with quantifiable data for two high-severity risks and clear descriptions for moderate risks."
output/risk_exposure_sw3_430101_25_strict/02_stage2/A000042_2023/A000042_2023_risk_exposure.json,A000042,中洲控股,2023,A000042_2023,客户信用风险,客户信用/集中度,信用损失,2,本集团对债务人已发生事实违约、经营风险增加或财务状况恶化等情况的应收账款因信用风险已显著变化而单项评估确定信用损失。,公司针对应收账款单项计提信用损失准备的判断标准表明存在因债务人违约或财务状况恶化导致的信用风险，且年报中合同资产也采用类似判断标准。,会计政策显示公司面临信用风险，但未披露具体金额或违约比例，暴露程度中等。,公司采用信用风险特征组合计提信用损失准备 || 对已发生事实违约的应收账款单项评估确定信用损失,信用减值损失金额 || 应收账款及合同资产坏账准备余额,False,sufficient,False,"Evidence quotes are directly from the annual report, covering key risk areas with quantifiable data for two high-severity risks and clear descriptions for moderate risks."
output/risk_exposure_sw3_430101_25_strict/02_stage2/A000042_2023/A000042_2023_risk_exposure.json,A000042,中洲控股,2023,A000042_2023,供应商集中度,供应链,采购集中,2,"前五名供应商合计采购金额（元） | 789, 562,715. 57  前五名供应商合计采购金额占年度采购总额比例 | 56.51%",供应商集中度高达56.51%，其中最大供应商占比41.36%，表明公司采购来源高度集中，可能面临供应链依赖风险。,该证据量化了供应商集中度，比例超过50%且单一供应商超过40%，风险中等。,,前五名供应商采购额占比 || 最大供应商采购额占比,False,sufficient,False,"Evidence quotes are directly from the annual report, covering key risk areas with quantifiable data for two high-severity risks and clear descriptions for moderate risks."
output/risk_exposure_sw3_430101_25_strict/02_stage2/A000090_2023/A000090_2023_risk_exposure.json,A000090,天健集团,2023,A000090_2023,房地产行业成本上升导致毛利率大幅下降,市场价格,营业成本,3,"分行业建筑施工业 | 19,291,605,961.95 | 18,095,193,091.16 | 6.20% | 4.79% | 4.76% | 0.03%房地产业 | 10,339,912,634.12 | 7,615,528,786.24 | 26.35% | 3.07% | 31.26% | -15.82%物业租赁业 | 399,900,539.29 | 278,717,311.85 | 30.30% | 11.44% | -0.31% | 8.22%",房地产业营业收入仅增长3.07%，但营业成本大幅增长31.26%，导致毛利率同比下降15.82个百分点，表明成本端压力巨大，直接影响利润水平。,营业成本增速远超收入增速（31.26% vs 3.07%），毛利率骤降15.82个百分点，对房地产业盈利产生重大负面影响，属于高暴露风险。,,房地产业毛利率同比变动-15.82%,False,sufficient,False,基于年报中明确的毛利率变动和担保余额数据，识别出两项重大风险，证据充分且直接。
output/risk_exposure_sw3_430101_25_strict/02_stage2/A000090_2023/A000090_2023_risk_exposure.json,A000090,天健集团,2023,A000090_2023,商品房承购人抵押贷款担保风险,客户信用/集中度,担保风险,3,"本公司作为房地产开发商，历史上根据房地产经营惯例为商品房承购人提供抵押贷款担保，截至 2023 年 12月 31 日，尚未解除担保的担保余额为 750,193.00 万元。",公司为购房者提供巨额抵押贷款担保，担保余额高达75亿元，若购房者大面积违约，公司将承担代偿义务，形成重大或有负债风险。,担保余额75亿元规模巨大，远超公司净利润（约15.17亿元），一旦触发代偿将严重冲击现金流和盈利能力，属于高暴露风险。,,"担保余额750,193.00万元",False,sufficient,False,基于年报中明确的毛利率变动和担保余额数据，识别出两项重大风险，证据充分且直接。
output/risk_exposure_sw3_430101_25_strict/02_stage2/A000517_2023/A000517_2023_risk_exposure.json,A000517,荣安地产,2023,A000517_2023,项目运营风险,运营安全环保,项目开发管理,2,房地产项目开发具有开发周期长、投入资金大、涉及合作方多的行业特征和较强的地域特征。一个完整的房地产项目运作和开发流程复杂，从开发土地的获取、产品的定位、产品营销以及工程管理，其中任何一个环节出现问题，都会造成项目预期经营目标难以如期实现。因此，房地产项目的运营风险贯穿项目开发的整个过程。,公司明确承认项目开发全流程存在运营风险，任何环节出问题都会影响经营目标，属于固有风险敞口。,该证据直接引述公司对项目运营风险的定义和描述，表明该风险贯穿始终且影响重大，但未量化具体损失，故为中等暴露。,公司将坚持快速开发，快速回笼资金的项目开发标准。 || 在项目定位上，公司重点关注首次置业和改善型需求人群，积极推出适销产品。 || 在项目开发上，公司依托标准化体系建设，实现快速开发，严控项目里程碑节点，有效缩短项目开发周期。 || 在项目销售上，公司以合理的产品定价和灵活的营销策略，实现项目的快速去化。 || 在成本管控上，公司全面执行费用预算，实时跟踪控制。,项目里程碑节点达成率 || 项目开发周期,False,sufficient,False,四类风险均有明确的连续原文证据支持，数据量化充分，无需人工复核。
output/risk_exposure_sw3_430101_25_strict/02_stage2/A000517_2023/A000517_2023_risk_exposure.json,A000517,荣安地产,2023,A000517_2023,毛利率下降风险,市场价格,成本上升导致毛利压缩,3,"分行业 |  | 房屋销售 | 22,068,469,810.64 | 19,828,129,761.76 | 10.15% | 59.08% | 78.80% | -9.91%",房屋销售营业收入增长59.08%，营业成本增长78.80%，毛利率同比下降9.91个百分点，成本增长显著快于收入，直接侵蚀利润。,核心业务毛利率大幅下降，且成本增速远超收入，对盈利能力构成直接且可量化的重大影响，故为高暴露。,公司全面执行费用预算，实时跟踪控制。,毛利率 || 营业收入增长率 || 营业成本增长率,False,sufficient,False,四类风险均有明确的连续原文证据支持，数据量化充分，无需人工复核。
output/risk_exposure_sw3_430101_25_strict/02_stage2/A000517_2023/A000517_2023_risk_exposure.json,A000517,荣安地产,2023,A000517_2023,季度业绩大幅波动风险,财务流动性,季度盈利与现金流波动,3,"归属于上市公司股东的净利润 | 648,299,336.51 | 203,568,351.73 | 169,645,129.86 | -664,020,534.66 归属于上市公司股东的扣除非经常性损益的净利润 | 439,300,906.65 | 283,924,321.75 | 214,242,049.26 | -654,074,080.32 经营活动产生的现金流量净额 | 1,308,321,937.07 | 576,224,105.06 | 577,616,070.60 | -33,813,460.34",第四季度归属于上市公司股东的净利润为-6.64亿元，经营活动现金流量净额为-0.34亿元，显示当季盈利严重恶化并出现现金流净流出。,第四季度亏损超6亿且经营现金流为负，直接反映公司短期财务状况恶化，对现金流和盈利能力构成重大风险，故为高暴露。,公司坚持快速开工、快速开盘、快速回笼资金的开发策略，实现现金流和利润的平衡。,季度净利润 || 季度经营活动现金流量净额,False,sufficient,False,四类风险均有明确的连续原文证据支持，数据量化充分，无需人工复核。
output/risk_exposure_sw3_430101_25_strict/02_stage2/A000517_2023/A000517_2023_risk_exposure.json,A000517,荣安地产,2023,A000517_2023,项目储备下降风险,需求周期,在建面积减少,2,"存货 | 万元 | 3,738,273.55 | 5,555,647.00 | -32.71% 在建房屋建筑面积 | 万平方米 | 77.56 | 255.54 | -69.65%",存货同比下降32.71%，在建房屋建筑面积骤降69.65%，表明公司可结转项目储备大幅减少，未来收入来源面临收缩。,在建面积与存货双降，预示未来2-3年可结转收入减少，但公司可能主动调整策略，影响待观察，故为中等暴露。,,在建房屋建筑面积 || 存货余额,False,sufficient,False,四类风险均有明确的连续原文证据支持，数据量化充分，无需人工复核。
output/risk_exposure_sw3_430101_25_strict/02_stage2/A000573_2023/A000573_2023_risk_exposure.json,A000573,粤宏远Ａ,2023,A000573_2023,产品价格波动风险,市场价格,大宗商品价格,3,"董事会于2023年3月21日审议通过《关于下属企业继续开展商品期货套期保值业务的议案》，下属企业英德市新裕有色金属再生资源制品有限公司为有效降低产品价格波动影响所致的经营风险，于上海期货交易所等境内期货交易所开展商品期货套期保值业务，交易品种包括铅、金、银、铜、锡等期货合约，预计动用的交易保证金和权利金上限在任一时点金额不超过3000万元、预计任一交易日持有的最高合约价值不超过20000万元 || 废旧铅蓄电池回收 | 233,303,632.19 | 238,349,674.20 | -2.16%",公司通过套期保值业务主动对冲产品价格波动风险，表明该风险对公司经营有显著影响，且套期保值规模较大（保证金上限3000万元，合约价值上限2亿元） || 废旧铅蓄电池回收业务毛利率为-2.16%，营业成本高于收入，直接表明价格或成本风险已导致该业务亏损，对公司利润造成重大负面影响,废旧铅蓄电池回收业务收入占公司总收入的66%以上，负毛利率直接侵蚀利润；公司专门开展套期保值应对价格波动，说明该风险对经营影响重大,开展商品期货套期保值业务,废旧铅蓄电池回收业务毛利率-2.16% || 套期保值保证金上限3000万元 || 套期保值合约价值上限20000万元,False,sufficient,False,基于年报中明确的套期保值业务、毛利率数据、客户/供应商集中度及现金流证据，风险暴露识别充分
output/risk_exposure_sw3_430101_25_strict/02_stage2/A000573_2023/A000573_2023_risk_exposure.json,A000573,粤宏远Ａ,2023,A000573_2023,供应商集中度风险,供应链,供应商集中度,2,"前五名供应商合计采购金额（元） | 206,995,803.37 || 前五名供应商合计采购金额占年度采购总额比例 | 54.55%",前五名供应商采购总额超过2亿元，显示采购集中度较高 || 前五名供应商采购占比超过一半，表明公司对主要供应商存在一定依赖，供应商变动可能影响采购成本或连续性,供应商集中度超过50%，一旦主要供应商出现问题（如涨价、断供），可能影响公司原材料供应和成本,,前五名供应商采购占比54.55%,False,sufficient,False,基于年报中明确的套期保值业务、毛利率数据、客户/供应商集中度及现金流证据，风险暴露识别充分
output/risk_exposure_sw3_430101_25_strict/02_stage2/A000573_2023/A000573_2023_risk_exposure.json,A000573,粤宏远Ａ,2023,A000573_2023,客户集中度风险,客户信用/集中度,客户集中度,1,"前五名客户合计销售金额（元） | 141,716,064. 05 || 前五名客户合计销售金额占年度销售总额比例 | 38.93% || 不存在向单个客户的销售比例超过总额50%的情况，不存在严重依赖于少数客户的情况",前五名客户销售总额约1.42亿元，显示客户集中度一般 || 前五名客户销售占比38.93%，未超过50% || 公司明确说明不存在严重依赖单一客户的情况，客户集中度风险较低,客户集中度未超过50%，且公司声明不存在严重依赖，因此风险较低,,前五名客户销售占比38.93%,False,sufficient,False,基于年报中明确的套期保值业务、毛利率数据、客户/供应商集中度及现金流证据，风险暴露识别充分
output/risk_exposure_sw3_430101_25_strict/02_stage2/A000573_2023/A000573_2023_risk_exposure.json,A000573,粤宏远Ａ,2023,A000573_2023,现金流风险,财务流动性,经营现金流,3,"经营活动产生的现金流量净额 | -34,601,698. 31 | -25,255,795. 30 | -231,851, 538. 07 | -6, 707,468. 82",经营活动现金流量净额连续四个季度为负，第三季度净流出高达2.32亿元，表明公司经营现金流持续紧张，可能面临流动性压力,持续为负的经营现金流直接影响公司日常运营和偿债能力，第三季度大幅负值更凸显流动性风险,,"经营活动现金流量净额：Q1 -34.6M, Q2 -25.3M, Q3 -231.9M, Q4 -6.7M",False,sufficient,False,基于年报中明确的套期保值业务、毛利率数据、客户/供应商集中度及现金流证据，风险暴露识别充分
output/risk_exposure_sw3_430101_25_strict/02_stage2/A000609_2023/A000609_2023_risk_exposure.json,A000609,中迪投资,2023,A000609_2023,持续经营重大不确定性,财务流动性,持续经营,3,"公司连续四年经营亏损，2023 年 12月 31 日合并资产负债表的货币资金余额为 35,088,243.12 元，一年内到期的长期借款余额为 512,163,927.87 元。前述事项表明存在可能导致对中迪投资持续经营能力产生重大疑虑的重大不确定性。 || 2024 年1季度，销售回款 4,105.10 万元，经营活动产生现金流量净额 1,772.45 万元。",直接表明公司连续四年亏损，货币资金远低于一年内到期长债，审计认为存在持续经营重大不确定性，暴露程度极高。 || 补充信息显示2024年一季度现金流改善，但未能消除持续经营风险。,货币资金仅3508万元，而一年内到期长期借款5.12亿元，缺口巨大且连续四年亏损，直接影响持续经营能力。,公司拟通过保交楼资金、债务重组、降息、引入战略伙伴等措施化解风险,货币资金/一年内到期长期借款=0.0685 || 连续亏损年数=4,False,sufficient,False,证据覆盖持续经营、供应商集中、收入下滑、财务费用及资产受限，重大风险均已识别。
output/risk_exposure_sw3_430101_25_strict/02_stage2/A000609_2023/A000609_2023_risk_exposure.json,A000609,中迪投资,2023,A000609_2023,供应商集中度风险,供应链,供应商集中,2,"前五名供应商合计采购金额占年度采购总额比例 | 91. 42% || 1 | 成都捷意建筑工程有限公司 | 84,188,783. 28 | 84.56%",前五名供应商采购占比极高，超过90%，显示采购高度集中。 || 单一供应商成都捷意建筑工程有限公司占采购总额84.56%，极度依赖。,前五名供应商采购占比91.42%，其中第一名占比84.56%，任何一家供应商出现问题都可能严重干扰项目建设。,公司未披露针对供应商集中的缓释措施,前五名供应商采购占比=91.42% || 第一大供应商占比=84.56%,False,sufficient,False,证据覆盖持续经营、供应商集中、收入下滑、财务费用及资产受限，重大风险均已识别。
output/risk_exposure_sw3_430101_25_strict/02_stage2/A000609_2023/A000609_2023_risk_exposure.json,A000609,中迪投资,2023,A000609_2023,收入大幅下滑,需求周期,房地产销售下行,2,"房地产行业 | 57,645,524.34 | 56,731,845.50 | 1.58% | -86.53% | -86.32% | -1.46% || 房地产行业 | 结算面积 | 万平米 | 1. 44 | 6.93 | -79.25%",房地产业务营业收入同比下降86.53%，毛利率仅1.58%，需求严重萎缩。 || 结算面积同比下降79.25%，进一步证实销售规模大幅缩减。,营业收入和结算面积均暴跌超过七成，表明市场需求急剧萎缩，直接影响公司收入来源。,公司调整产品结构，推出刚需小户型与改善大户型适应市场,营业收入同比-86.53% || 结算面积同比-79.25%,False,sufficient,False,证据覆盖持续经营、供应商集中、收入下滑、财务费用及资产受限，重大风险均已识别。
output/risk_exposure_sw3_430101_25_strict/02_stage2/A000609_2023/A000609_2023_risk_exposure.json,A000609,中迪投资,2023,A000609_2023,财务费用大幅上升,财务流动性,利息支出,2,"财务费用 | 102,476,715. 58 | 78,108,377. 04 | 31.20% || 主要是由于本报告期公司计提对中国建筑一局（集团)有限公司资金利息的预计负债。",财务费用同比增加31.20%，主要因计提大额预计负债利息，加重财务负担。 || 明确财务费用上升的原因是对中建一局的预计负债利息，反映诉讼导致的潜在现金流压力。,财务费用超1亿元且同比大增，侵蚀利润，增大流动性压力。,公司与中建一局已达成基本协议，尽快处理诉讼,财务费用同比+31.20% || 财务费用占收入比=10248万/5765万≈1.78倍,False,sufficient,False,证据覆盖持续经营、供应商集中、收入下滑、财务费用及资产受限，重大风险均已识别。
output/risk_exposure_sw3_430101_25_strict/02_stage2/A000609_2023/A000609_2023_risk_exposure.json,A000609,中迪投资,2023,A000609_2023,资产受限风险,财务流动性,资产抵押,2,3、截至报告期末的资产权利受限情况 || 报告期内公司主要资产计量属性是否发生重大变化□是 否,公司存在资产权利受限情况，具体表格未摘录，但表明部分资产已被抵押或冻结，削弱融资弹性。 || 资产计量属性未变，但受限资产可能限制公司再融资能力。,资产权利受限会减少可用于偿债或新增融资的资产基础，加剧流动性紧张。,,,True,sufficient,False,证据覆盖持续经营、供应商集中、收入下滑、财务费用及资产受限，重大风险均已识别。
output/risk_exposure_sw3_430101_25_strict/02_stage2/A000631_2023/A000631_2023_risk_exposure.json,A000631,顺发恒业,2023,A000631_2023,地区收入集中度风险,客户信用/集中度,地区集中度,3,"浙江省 | 2,236,502,722. 25 | 99.99%",该行显示公司营业收入中浙江省占比高达99.99%，表明收入对单一地区高度依赖，若该地区经济或政策发生不利变化，将对公司整体收入产生重大影响。,营业收入99.99%来自浙江省，地区集中度极高，一旦该区域市场下行或政策变动，公司缺乏其他地区的缓冲，收入可能大幅下滑。,聚焦长三角、珠三角等负荷消纳中心，战略布局全国优质资源点，精准投资风、光、水、储、综等优质项目,浙江省收入占比99.99%,False,sufficient,False,所有风险均有明确的年报原文证据支撑，关键金额、比例及同比数据均完整可查。
output/risk_exposure_sw3_430101_25_strict/02_stage2/A000631_2023/A000631_2023_risk_exposure.json,A000631,顺发恒业,2023,A000631_2023,房地产开发毛利率大幅下降,市场价格,开发成本,3,"房地产开发 | 2,012,599,163. 64 | 1,680,788,891.99 | 16.49% | 2,991.79% | 14,533.55% | -65.87%",该数据显示房地产开发业务的营业成本同比增长14533.55%，远高于营业收入同比增长2991.79%，导致毛利率同比下降65.87个百分点至16.49%，严重侵蚀盈利能力。,成本增速远超收入增速，毛利率急剧下降，直接削弱房地产开发板块的利润贡献，对公司整体盈利构成重大威胁。,保持财务稳健，加强资金监管和统筹管理，在新项目拓展、建设中控制成本,毛利率16.49%，同比变动-65.87%,False,sufficient,False,所有风险均有明确的年报原文证据支撑，关键金额、比例及同比数据均完整可查。
output/risk_exposure_sw3_430101_25_strict/02_stage2/A000631_2023/A000631_2023_risk_exposure.json,A000631,顺发恒业,2023,A000631_2023,风力发电收入下滑风险,需求周期,风电市场,2,"风力发电 | 56,728,407.62 | 2.54% | 70,834,799.54 | 23.06% | -19.91%",该行显示风力发电营业收入同比下降19.91%，同时营业成本上升6.68%，毛利率从上年同期的58.01%下降至44.07%，表明该业务面临需求或价格压力。,风力发电收入连续下降且毛利率降低，若市场持续低迷，可能进一步压缩该业务贡献，影响公司多元化收益。,,收入同比-19.91% || 毛利率44.07%，同比变动-13.94%,False,sufficient,False,所有风险均有明确的年报原文证据支撑，关键金额、比例及同比数据均完整可查。
output/risk_exposure_sw3_430101_25_strict/02_stage2/A000631_2023/A000631_2023_risk_exposure.json,A000631,顺发恒业,2023,A000631_2023,按揭贷款担保风险,客户信用/集中度,客户信用风险,2,"截至2023年12月31日，部分子公司为购买公司相关房产的业主提供保证担保涉及的借款金额为25,328.14万元。",公司为购房者按揭贷款提供担保，担保金额2.53亿元，若购房者违约，公司需承担连带责任，可能产生实际损失。,虽然历史未发生损失，但担保余额较大，在房地产市场下行周期中，购房者违约风险上升，可能对公司财务状况产生不利影响。,本公司历年没有发生由于担保连带责任而发生损失的情形,"担保金额25,328.14万元",False,sufficient,False,所有风险均有明确的年报原文证据支撑，关键金额、比例及同比数据均完整可查。
output/risk_exposure_sw3_430101_25_strict/02_stage2/A000631_2023/A000631_2023_risk_exposure.json,A000631,顺发恒业,2023,A000631_2023,非经常性损益依赖风险,财务流动性,盈利质量,2,"委托他人投资或管理资产的损益 | 58,740,680.49 | 46,213,300.16 | 37,551,008.50",该行显示2023年委托理财收益5874万元，是非经常性损益的主要来源，非经常性损益合计6019.58万元，表明公司净利润对非经常性项目依赖较大，可持续性存疑。,非经常性损益占比高且主要来自委托理财收益，若未来投资回报下降，将直接影响净利润稳定性，增加盈利波动风险。,,"非经常性损益合计60,195,846.23元 || 委托理财收益58,740,680.49元",False,sufficient,False,所有风险均有明确的年报原文证据支撑，关键金额、比例及同比数据均完整可查。
output/risk_exposure_sw3_430101_25_strict/02_stage2/A000631_2023/A000631_2023_risk_exposure.json,A000631,顺发恒业,2023,A000631_2023,短期偿债压力,财务流动性,短期负债,1,"银行贷款 | 2,002.33 | 年利率4.10%-4.20% | 2,002.33",该行显示期末银行贷款余额2002.33万元，全部在1年之内到期，存在短期集中偿付需求。,虽然金额较小且公司经营性现金流总体为正，但全部短期债务若不能及时续贷或再融资，可能造成临时流动性紧张。,保持财务稳健，加强资金监管和统筹管理,"期末融资余额2,002.33万元 || 期限结构：1年之内",False,sufficient,False,所有风险均有明确的年报原文证据支撑，关键金额、比例及同比数据均完整可查。
output/risk_exposure_sw3_430101_25_strict/02_stage2/A000631_2023/A000631_2023_risk_exposure.json,A000631,顺发恒业,2023,A000631_2023,供应商集中度风险,供应链,采购集中,1,"前五名供应商合计采购金额（元） | 88,169,180.82 前五名供应商合计采购金额占年度采购总额比例 | 39.75%",前五名供应商采购额占年度采购总额39.75%，存在一定集中度，若主要供应商出现供应问题可能影响公司正常经营。,供应商集中度较高，一旦关键供应商中断供应或提价，公司可能面临采购成本和供应链稳定性风险。,,前五名供应商采购占比39.75%,False,sufficient,False,所有风险均有明确的年报原文证据支撑，关键金额、比例及同比数据均完整可查。
output/risk_exposure_sw3_430101_25_strict/02_stage2/A000668_2023/A000668_2023_risk_exposure.json,A000668,荣丰控股,2023,A000668_2023,需求周期风险,需求周期,房地产市场下行,3,"报告期内，公司共实现营业收入 117,206,660.22 元，同比下降 81.65% ；归属于母公司的净利润-49,634,038.33 元，同比下降 $3 0 , 8 5%$ ；截至报告期末，资产总额 1,851,477,014.77 元，同比减少 20.46% ；归属于母公司所有者权益1,101,548,009.82 元，同比减少 $9 , 5 8%$ 。 || 据长春市统计局数据，2023 年长春市房地产开发投资下降 16.7% ，商品房销售额与销售面积分别增长 $4 , 6%$ 与 $5 , 8%$ ，市场仍处于底部调整，边际改善企稳阶段。",营业收入同比巨幅下降81.65%，净利润持续为负且进一步恶化，资产和权益同步萎缩，直接反映市场需求严重不足对公司业绩的冲击。 || 区域市场房地产开发投资下降，销售额和面积虽有微弱增长但整体仍处于底部调整阶段，需求恢复乏力，公司项目所在区域也面临同样需求困境。,营业收入下降81.65%、净利润亏损扩大、区域市场投资下降且销售仅微弱增长，表明公司面临严重需求不足的风险，直接影响收入、现金流和持续经营能力。,公司将采取加速盘活存量资源、提升资产运营效率、引入战略合作等多种措施，快速去化存量房地产项目。 || 积极寻找具备可持续增长能力的优质资产，继续推动公司业务转型。,营业收入同比下降81.65% || 归属于母公司的净利润同比下降30.85% || 资产总额同比减少20.46% || 长春市房地产开发投资下降16.7%,False,sufficient,False,主要风险来自年报正文的风险提示、财务数据表格和客户/供应商集中度披露，数据支撑充分，无需人工审核。
output/risk_exposure_sw3_430101_25_strict/02_stage2/A000668_2023/A000668_2023_risk_exposure.json,A000668,荣丰控股,2023,A000668_2023,政策监管风险,政策监管,房地产调控政策,3,国家制定的政策对房地产行业有着深远的影响，目前房地产政策环境处于宽松期，但市场预期偏弱，需求不足，行业整体仍面临较大的下行压力，未来调控政策优化程度及托底力度对公司经营有较大影响，公司将继续密切关注相关政策的变化，适时调整经营策略，降低经营风险。,年报明确将政策风险列为首要风险，指出政策环境虽宽松但预期弱、需求不足，行业下行压力大，政策未来变化将直接对公司经营产生较大影响，暴露程度高。,公司直接披露政策风险，并说明未来调控政策优化程度及托底力度对公司经营有较大影响，结合行业下行和公司业绩恶化，政策不确定性显著威胁公司经营。,公司将继续密切关注相关政策的变化，适时调整经营策略。,房地产政策环境处于宽松期但市场预期偏弱,False,sufficient,False,主要风险来自年报正文的风险提示、财务数据表格和客户/供应商集中度披露，数据支撑充分，无需人工审核。
output/risk_exposure_sw3_430101_25_strict/02_stage2/A000668_2023/A000668_2023_risk_exposure.json,A000668,荣丰控股,2023,A000668_2023,财务流动性风险,财务流动性,偿债与现金流,2,"货币资金 | 47,593,504. 43 | 2.57% | 13,609,489.02 | 0.58% | 1.99% | || 短期借款 | 178,865,429.16 | 9.66% | 179,867,476.39 | 7.73% | 1.93% | || 经营活动产生的现金流量净额 | -41,281,661. 22 | 2,856,237. 23 | 4,234,971. 08 | 37,802,010.42 || 公司将采取加速盘活存量资源、提升资产运营效率、引入战略合作等多种措施，快速去化存量房地产项目。进一步提高企业经营流动性，化解潜在经营风险。",货币资金仅占总资产2.57%，金额约4759万元，而短期借款达1.79亿元，资金储备相对薄弱，流动性承压。 || 短期借款占总资产9.66%，接近1.79亿元，与货币资金相比差距显著，短期内需偿还债务压力较大。 || 经营活动现金流量净额第一季度为-4128万元，虽然全年合计为正，但季度波动剧烈且第一季度大额流出，反映运营资金紧张。 || 公司主动提出提高企业经营流动性、化解潜在经营风险，侧面证实流动性存在隐患。,货币资金占比极低，短期借款高企，经营活动现金流季频波动且个别季度大额流出，同时公司明确将提升流动性作为应对措施，表明流动性风险中等且需要关注。,加速盘活存量资源、提升资产运营效率、引入战略合作 || 快速去化存量房地产项目,货币资金占总资产2.57% || 短期借款占总资产9.66% || 经营活动现金流量净额第一季度-4128万元,False,sufficient,False,主要风险来自年报正文的风险提示、财务数据表格和客户/供应商集中度披露，数据支撑充分，无需人工审核。
output/risk_exposure_sw3_430101_25_strict/02_stage2/A000668_2023/A000668_2023_risk_exposure.json,A000668,荣丰控股,2023,A000668_2023,客户集中度风险,客户信用/集中度,销售客户集中,2,"前五名客户合计销售金额（元） | 60,005,671.93
前五名客户合计销售金额占年度销售总额比例 | 51.20% || 1 | 客户1 | 38,364,394. 29 | 32.73%",前五名客户销售额占年度销售总额比例高达51.20%，其中最大客户占32.73%，客户集中度高，若主要客户流失或信用恶化将严重影响收入。 || 单一客户客户1贡献收入3836万元，占公司总收入的32.73%，依赖度极高，风险暴露明显。,前五名客户占年度销售总额51.20%，且最大客户占比32.73%，集中度较高，一旦主要客户经营变动或合作关系受损，将直接冲击公司收入和现金流。,,前五名客户合计销售金额占年度销售总额比例51.20% || 客户1销售额占比32.73%,False,sufficient,False,主要风险来自年报正文的风险提示、财务数据表格和客户/供应商集中度披露，数据支撑充分，无需人工审核。
output/risk_exposure_sw3_430101_25_strict/02_stage2/A000668_2023/A000668_2023_risk_exposure.json,A000668,荣丰控股,2023,A000668_2023,供应商集中度风险,供应链,采购集中,2,"前五名供应商合计采购金额（元） | 25,757,388. 20
前五名供应商合计采购金额占年度采购总额比例 | 69.45%",前五名供应商合计采购金额占年度采购总额比例高达69.45%，采购集中度高，若主要供应商出现价格变动、供货中断或合作关系变化，可能影响项目成本及进度。,前五名供应商集中度69.45%，超过常见警戒线，对单一供应商的依赖可能带来涨价、断供等供应链风险，进而影响公司开发成本和项目运营。,,前五名供应商合计采购金额占年度采购总额比例69.45%,False,sufficient,False,主要风险来自年报正文的风险提示、财务数据表格和客户/供应商集中度披露，数据支撑充分，无需人工审核。
output/risk_exposure_sw3_430101_25_strict/02_stage2/A000718_2023/A000718_2023_risk_exposure.json,A000718,苏宁环球,2023,A000718_2023,营业外支出重大风险（保证金损失及违约金）,诉讼合规治理,合同纠纷与行政处罚,3,"营业外支出 | 132, 590, 768. 27 | 49.40% | 主要系建设工程保证金损失及逾期缴纳形成的违约金。 || 除上述各项之外的其他营业外收入和支出 | -116,419,839.48 | -27,353,419.88 | 11,097,182. 35 | 主要系建设工程保证金损失及逾期缴纳形成的违约金",营业外支出金额巨大（1.33亿元），占利润总额49.40%，表明公司面临严重的保证金损失和逾期违约金问题，直接影响当期利润。 || 非经常性损益中其他营业外支出高达-1.16亿元，进一步确认了保证金损失及违约金的重大影响。,两项证据均指向建设工程保证金损失及逾期违约金，金额占比极高，严重影响公司盈利能力和合规状态。,,营业外支出金额 || 营业外支出占利润总额比例,False,sufficient,True,风险识别主要依赖财务表格和特殊事项披露，部分风险（如医疗美容成本上升）缺乏成本结构细节，需人工复核是否涉及更深层因素。
output/risk_exposure_sw3_430101_25_strict/02_stage2/A000718_2023/A000718_2023_risk_exposure.json,A000718,苏宁环球,2023,A000718_2023,现金流恶化风险,财务流动性,经营及筹资现金流,3,"现金及现金等价物净增加额 | -417,159,400. 01 | 528,169,108.81 | -178.98% || 经营活动产生的现金流量净额 | 19,326,758.38 | 388,513,547. 67 | 407,766,177. 65 | -307,504,672. 48 || 筹资活动产生的现金流量净额 | -530,800,656.68 | -248,489,685. 03 | 113. 61% || 投资活动产生的现金流量净额 | -394,486,617. 59 | -17,109,705. 60 | 2,205.63%",现金及现金等价物净减少4.17亿元，同比下降178.98%，表明公司整体流动性显著恶化。 || 第四季度经营活动现金流净额为-3.08亿元，显示期末现金流压力。 || 筹资活动现金流净额减少5.31亿元，降幅113.61%，主要系归还银行贷款，增加融资压力。 || 投资活动现金流大幅流出3.94亿元，主要因购买总部办公大楼，进一步消耗现金储备。,多项现金流指标均显示公司2023年面临严重的现金流出压力，筹资和投资活动大幅消耗现金，可能导致流动性危机。,,现金及现金等价物净增加额 || 经营活动现金流净额（第四季度） || 筹资活动现金流净额,False,sufficient,True,风险识别主要依赖财务表格和特殊事项披露，部分风险（如医疗美容成本上升）缺乏成本结构细节，需人工复核是否涉及更深层因素。
output/risk_exposure_sw3_430101_25_strict/02_stage2/A000718_2023/A000718_2023_risk_exposure.json,A000718,苏宁环球,2023,A000718_2023,商誉减值风险,财务流动性,资产减值,2,"资产减值 | -38, 985,387. 62 | -14. 52% | 主要系商誉计提减值。 || 2023 年度石家庄苏亚、唐山苏亚未完成业绩承诺，需由原股东医美产业基金、苏宁环球投资进行现金补偿金额共计 522.2 万元。截至本报告披露日，该补偿款已支付。",公司计提商誉减值损失约3899万元，占利润总额14.52%，表明收购资产可能存在持续减值风险。 || 两家医美子公司未完成业绩承诺，触发补偿，虽已收到补偿款，但显示收购标的盈利未达预期，商誉面临进一步减值风险。,商誉减值已计提且业绩承诺未完成，组合证据表明收购整合风险持续，可能影响资产质量和现金流。,现金补偿已支付，缓解部分业绩风险,商誉减值金额 || 业绩承诺未完成补偿金额,False,sufficient,True,风险识别主要依赖财务表格和特殊事项披露，部分风险（如医疗美容成本上升）缺乏成本结构细节，需人工复核是否涉及更深层因素。
output/risk_exposure_sw3_430101_25_strict/02_stage2/A000718_2023/A000718_2023_risk_exposure.json,A000718,苏宁环球,2023,A000718_2023,房地产行业需求下行风险,需求周期,主营业务收入下降,2,"房地产 | 1,610,750,008.90 | 543,637,855.11 | 66.25% | -9.84% | -4.63% | -1.85%",房地产业务营业收入同比下降9.84%，显示市场需求疲软或销售受阻。,房地产业务是公司收入主要来源，营业收入出现明显下降，反映行业周期或区域需求减少。,,房地产收入同比变化率,False,sufficient,True,风险识别主要依赖财务表格和特殊事项披露，部分风险（如医疗美容成本上升）缺乏成本结构细节，需人工复核是否涉及更深层因素。
output/risk_exposure_sw3_430101_25_strict/02_stage2/A000718_2023/A000718_2023_risk_exposure.json,A000718,苏宁环球,2023,A000718_2023,医疗美容成本上升风险,市场价格,营业成本,2,"医疗美容 | 198,327, 663.34 | 99,739,448.76 | 49.71% | 3.36% | 27.25% | -9.44% || 医美及生物医药 | 辅助费用 | 14,588,383.08 | 14.63% | 7,684,290. 30 | 9.80% | 89.85%",医疗美容业务营业成本同比增长27.25%，远高于收入增速3.36%，导致毛利率下降9.44个百分点，盈利空间被压缩。 || 辅助费用同比上升89.85%，是成本上升的重要原因之一，可能源于市场推广或设备维护费用增加。,成本快速上升侵蚀医疗美容业务利润，且无明确对冲措施，可能持续影响盈利能力。,,医疗美容营业成本同比增幅 || 医疗美容毛利率变化,False,sufficient,True,风险识别主要依赖财务表格和特殊事项披露，部分风险（如医疗美容成本上升）缺乏成本结构细节，需人工复核是否涉及更深层因素。
output/risk_exposure_sw3_430101_25_strict/02_stage2/A000718_2023/A000718_2023_risk_exposure.json,A000718,苏宁环球,2023,A000718_2023,供应商集中度风险,供应链,采购集中度,2,"前五名供应商合计采购金额（元） | 682,805,201.81 || 前五名供应商合计采购金额占年度采购总额比例 | 51.34% || 1 | 江苏中昱建设工程有限公司 | 376,272,429. 26 | 28.29%",前五名供应商采购总额约6.83亿元。 || 前五名供应商占年度采购总额的51.34%，集中度较高，可能面临单一供应商依赖导致的供应中断或议价风险。 || 第一大供应商占采购总额28.29%，依赖程度较高，若该供应商出现问题可能影响项目进度。,超过一半的采购来自前五名供应商，且第一大供应商占比接近30%，存在供应链中断或价格控制风险。,,前五名供应商采购占比 || 第一大供应商采购占比,False,sufficient,True,风险识别主要依赖财务表格和特殊事项披露，部分风险（如医疗美容成本上升）缺乏成本结构细节，需人工复核是否涉及更深层因素。
output/risk_exposure_sw3_430101_25_strict/02_stage2/A000718_2023/A000718_2023_risk_exposure.json,A000718,苏宁环球,2023,A000718_2023,董事短线交易处罚风险,诉讼合规治理,个人违规,1,张桂平先生时任安徽古井贡酒股份有限公司独立董事期间，因其配偶 2022年 2 月买卖古井贡酒股票构成短线交易，深圳证券交易所给予张桂平先生通报批评的处分；安徽证监局给予张桂平先生警告，并处以 15 万元罚款。,公司董事长张桂平因配偶短线交易受到交易所批评和证监会警告及罚款，显示公司治理和内部合规存在隐患。,尽管违规属于个人行为且罚款金额不高，但涉及董事长，可能损害公司声誉并反映内控缺陷。,,罚款金额,False,sufficient,True,风险识别主要依赖财务表格和特殊事项披露，部分风险（如医疗美容成本上升）缺乏成本结构细节，需人工复核是否涉及更深层因素。
output/risk_exposure_sw3_430101_25_strict/02_stage2/A000718_2023/A000718_2023_risk_exposure.json,A000718,苏宁环球,2023,A000718_2023,投资收益亏损风险,财务流动性,非经常性损益,2,"投资收益 | -73,912,970. 25 | -27. 54% | 主要系按权益法确认损益和西咸项目股权处置损益。",投资收益亏损7391万元，占利润总额-27.54%，主要来自权益法核算的投资损失和股权处置亏损，对利润产生重大负面影响。,投资收益大幅亏损，显示对外投资或合作项目经营不善，可能持续影响盈利。,,投资收益金额 || 投资收益占利润总额比例,False,sufficient,True,风险识别主要依赖财务表格和特殊事项披露，部分风险（如医疗美容成本上升）缺乏成本结构细节，需人工复核是否涉及更深层因素。
output/risk_exposure_sw3_430101_25_strict/02_stage2/A000736_2023/A000736_2023_risk_exposure.json,A000736,中交地产,2023,A000736_2023,房地产销售收入下滑,需求周期,销售收入,3,"房地产销售 | 32,231,026,229.27 | 28,933,832,107.41 | 10.23% | -15.83% | -12.88% | 减少3.04个百分点",营业收入比上年同期增减为-15.83%，表明房地产销售收入同比下降15.83%，对公司收入产生重大影响。,房地产销售收入同比下降15.83%，收入下滑直接减少公司主要收入来源，风险暴露高。,聚焦核心城市和区域，坚持住宅为主、现金为王的基本理念 || 加速推进存货去化与盘活,房地产销售收入同比变化率,False,sufficient,False,提取了四个风险：收入下滑、毛利率下降、筹资现金流恶化、供应商集中度偏高，证据均为原文数据或明确披露。部分风险（如存货减值、政策监管）缺乏明确数据支撑，未纳入。
output/risk_exposure_sw3_430101_25_strict/02_stage2/A000736_2023/A000736_2023_risk_exposure.json,A000736,中交地产,2023,A000736_2023,房地产销售毛利率下降,市场价格,销售毛利率,2,"房地产销售 | 32,231,026,229.27 | 28,933,832,107.41 | 10.23% | -15.83% | -12.88% | 减少3.04个百分点",毛利率为10.23%，比上年同期减少3.04个百分点，表明盈利能力下降。,毛利率下降3.04个百分点，反映市场竞争或成本上升导致利润空间压缩，但公司有成本管控措施，风险中等。,深入挖掘降本潜力，完善成本管控重点指标 || 深化集采战采，提升采购管理和供应链管理水平,毛利率变动百分点,False,sufficient,False,提取了四个风险：收入下滑、毛利率下降、筹资现金流恶化、供应商集中度偏高，证据均为原文数据或明确披露。部分风险（如存货减值、政策监管）缺乏明确数据支撑，未纳入。
output/risk_exposure_sw3_430101_25_strict/02_stage2/A000736_2023/A000736_2023_risk_exposure.json,A000736,中交地产,2023,A000736_2023,筹资活动现金流净流出大幅增加,财务流动性,现金流,3,"筹资活动产生的现金流量净额 | -6,856,799,417.53 | -2,589,069,905.98 | 164.84%",筹资活动现金流净额由-25.89亿元恶化至-68.57亿元，净流出同比增加164.84%，表明公司融资环境收紧或偿债压力增大。,筹资活动现金流净流出大幅增加，直接威胁公司现金流安全，风险暴露度高。,持续优化负债结构，降低融资成本，保证公司整体现金流安全 || 开拓创新融资，构建多元化的融资体系,筹资活动产生的现金流量净额增速,False,sufficient,False,提取了四个风险：收入下滑、毛利率下降、筹资现金流恶化、供应商集中度偏高，证据均为原文数据或明确披露。部分风险（如存货减值、政策监管）缺乏明确数据支撑，未纳入。
output/risk_exposure_sw3_430101_25_strict/02_stage2/A000736_2023/A000736_2023_risk_exposure.json,A000736,中交地产,2023,A000736_2023,供应商集中度偏高,供应链,供应商集中度,2,"前五名供应商合计采购金额（元） | 5,233,003,853.52
前五名供应商合计采购金额占年度采购总额比例 | 42.95%
前五名供应商采购额中关联方采购额占年度采购总额比例 | 37.07%",前五名供应商采购额占年度采购总额42.95%，且其中关联方采购占37.07%，表明采购集中度高且关联交易占比较大。,供应商集中度偏高可能导致依赖少数供应商，若供应商出现问题或关联交易不公允，可能影响成本和供应稳定性。,深化集采战采，提升采购管理和供应链管理水平,前五名供应商合计采购金额占比 || 关联方采购占比,False,sufficient,False,提取了四个风险：收入下滑、毛利率下降、筹资现金流恶化、供应商集中度偏高，证据均为原文数据或明确披露。部分风险（如存货减值、政策监管）缺乏明确数据支撑，未纳入。
output/risk_exposure_sw3_430101_25_strict/02_stage2/A000797_2023/A000797_2023_risk_exposure.json,A000797,中国武夷,2023,A000797_2023,国际业务经营风险,需求周期,国际工程需求,3,"部分所在国因经济下行，财政收入降低、汇率贬值以及负债水平提高等因素导致基础设施投资预算不足，对公司部分项目工程款回收造成了一定的影响。 || 工程承包业务 | 1,232,486,117. 48 | 1,312,450,038.46 | -6.49% | -21.03% | -18.06% | -3.87% || 非洲 | 763,288,858.64 | 882,522,280.70 | -15.62% | -40.38% | -33.44% | -12.05%",表明因所在国经济下行及财政困难，基础设施投资预算不足，直接影响公司工程款回收，构成高暴露风险。 || 工程承包业务营业收入同比下降21.03%，营业成本下降18.06%，毛利率为-6.49%，反映业务规模收缩和亏损，与国际业务经营风险直接相关。 || 非洲地区营业收入同比下降40.38%，毛利率为负，显示该地区业务严重下滑，进一步印证国际业务经营风险。,证据显示国际工程业务所在国经济下行导致基础设施投资预算不足，工程款回收困难，且该业务收入大幅下降、毛利率为负，直接危害收入和现金流，风险暴露程度高。,加强经营性风险分析，优化市场布局 || 大力推进属地化经营 || 完善投标决策程序，加强项目可行性研究 || 强化项目全周期成本过程管控,工程承包业务收入同比下降21.03% || 非洲地区收入同比下降40.38% || 工程承包业务毛利率-6.49%,False,sufficient,False,各风险均有明确年报证据支持，符合要求。
output/risk_exposure_sw3_430101_25_strict/02_stage2/A000797_2023/A000797_2023_risk_exposure.json,A000797,中国武夷,2023,A000797_2023,汇率波动风险,汇率利率,外汇风险,2,为有效防范外汇风险，公司制订了外汇风险管理办法，采取争取有利的结算货币、加强款项结算与催收、及时结售汇等措施；公司制订了远期外汇交易管理制度，开展远期结售汇业务，最大限度规避因汇率波动带来的外汇风险。,公司明确认识到汇率波动风险，并制定了专门的管理办法和远期外汇交易制度，表明该风险受到管理层关注且有应对措施，暴露程度中等。,证据表明公司国际业务面临汇率波动风险，已设立专项管理制度和远期结售汇等对冲措施，但未量化潜在损失，风险暴露为中。,外汇风险管理办法 || 远期外汇交易管理制度 || 争取有利结算货币 || 及时结售汇,,False,sufficient,False,各风险均有明确年报证据支持，符合要求。
output/risk_exposure_sw3_430101_25_strict/02_stage2/A000797_2023/A000797_2023_risk_exposure.json,A000797,中国武夷,2023,A000797_2023,按揭贷款担保风险,财务流动性,或有负债,2,公司子公司为商品房承购人提供按揭贷款担保，报告期末担保余额为人民币 33.19亿元。,担保余额高达33.19亿元，若购房人违约需公司代为偿还，构成重大或有负债，可能影响公司现金流和资产负债状况。,担保余额大且属于资产负债表外或有负债，一旦发生违约将直接导致现金流出和负债增加，风险暴露程度中等。,,担保余额33.19亿元,False,sufficient,False,各风险均有明确年报证据支持，符合要求。
output/risk_exposure_sw3_430101_25_strict/02_stage2/A000809_2023/A000809_2023_risk_exposure.json,A000809,铁岭新城,2023,A000809_2023,政策风险,政策监管,宏观经济、土地、房地产及新能源政策,2,一是政策风险。政策风险集中体现在公司受宏观经济政策、土地政策、房地产政策及新能源相关政策的影响较大。,公司明确披露受多重政策影响，政策调整可能对公司业务产生较大影响。,年报中公司自行列为第一项风险，涉及多领域政策，虽未量化但表明影响重大，暴露程度中等。,公司将依据政策导向，并提前作出预判，不断优化业务发展方向。,,False,sufficient,False,证据均来源于年报原文，风险点清晰，量化数据充分，覆盖政策、财务、合规、供应链、需求、客户履约等领域，共7条风险暴露，未超出12条上限。
output/risk_exposure_sw3_430101_25_strict/02_stage2/A000809_2023/A000809_2023_risk_exposure.json,A000809,铁岭新城,2023,A000809_2023,财务流动性风险,财务流动性,融资渠道限制与成本,2,三是财务风险。公司的融资渠道受到限制，融资成本较高，因而会有一定的流动性风险和潜在的信用风险。,公司主动披露融资渠道受限、成本高企，导致流动性风险和信用风险。,公司自我识别融资困难，虽未列具体数字，但直接影响现金流和偿债能力，暴露程度中等。,公司将积极拓宽融资渠道，加快推进资产处置，提高资金回笼速度，以应对相关风险。,,False,sufficient,False,证据均来源于年报原文，风险点清晰，量化数据充分，覆盖政策、财务、合规、供应链、需求、客户履约等领域，共7条风险暴露，未超出12条上限。
output/risk_exposure_sw3_430101_25_strict/02_stage2/A000809_2023/A000809_2023_risk_exposure.json,A000809,铁岭新城,2023,A000809_2023,退市风险警示,诉讼合规治理,退市风险警示,3,公司2023年度经审计的扣除非经常性损益净利润为负值且扣除后营业收入低于1亿元，根据《深圳证券交易所股票上市规则》第9.3.1条第一款第（一）项之规定，公司股票交易将被深圳证券交易所实施退市风险警示。,公司触发退市风险警示条件，对持续经营和合规状态构成直接重大影响。,退市风险警示直接威胁公司上市地位，严重影响经营连续性和声誉，暴露程度高。,,扣非净利润为负值且扣除后营业收入低于1亿元,False,sufficient,False,证据均来源于年报原文，风险点清晰，量化数据充分，覆盖政策、财务、合规、供应链、需求、客户履约等领域，共7条风险暴露，未超出12条上限。
output/risk_exposure_sw3_430101_25_strict/02_stage2/A000809_2023/A000809_2023_risk_exposure.json,A000809,铁岭新城,2023,A000809_2023,供应商集中度风险,供应链,供应商集中度,2,"前五名供应商合计采购金额（元） | 41,908,393.55 前五名供应商合计采购金额占年度采购总额比例 | 91.07%",前五名供应商采购占比高达91.07%，采购高度集中，若个别供应商中断供货将严重影响生产。,供应商集中度极高，虽未自评为风险，但数据暴露重大依赖，暴露程度中等。,,前五名供应商采购占比91.07%,False,sufficient,False,证据均来源于年报原文，风险点清晰，量化数据充分，覆盖政策、财务、合规、供应链、需求、客户履约等领域，共7条风险暴露，未超出12条上限。
output/risk_exposure_sw3_430101_25_strict/02_stage2/A000809_2023/A000809_2023_risk_exposure.json,A000809,铁岭新城,2023,A000809_2023,收入地域集中度与下降风险,需求周期,收入地域集中与萎缩,3,"分地区 铁岭地区 | 23,785,286.18 | 100.00% | 221,833,683.22 | 100.00% | -89.28%",公司全部收入来自铁岭地区，且该地区收入同比下降89.28%，显示需求急剧萎缩，经营极度依赖单一区域。,收入百分之百集中于一地区且大幅下滑，严重威胁收入和持续经营，暴露程度高。,,铁岭地区营业收入同比下降89.28%,False,sufficient,False,证据均来源于年报原文，风险点清晰，量化数据充分，覆盖政策、财务、合规、供应链、需求、客户履约等领域，共7条风险暴露，未超出12条上限。
output/risk_exposure_sw3_430101_25_strict/02_stage2/A000809_2023/A000809_2023_risk_exposure.json,A000809,铁岭新城,2023,A000809_2023,重大销售合同履行风险,客户信用/集中度,合同未正常履行,3,"64套钢混塔筒 | 昌图润航新能源有限公司 | 31,456 | 0 | 0 | 31,456 | 否 | 由于对方风电项目并网时间由 2024年12月推迟至2025年12月，同时对方为提高风电项目发电效率及收益，重新优化风机机型的选择，导致合同未正常履行，该项目的供货时间将后移至2024年和2025年。 || 64套钢混塔筒 | 昌图润荣新能源有限公司 | 31,456 | 0 | 0 | 31,456 | 否 | 由于对方风电项目并网时间由 2024年12月推迟至2025年12月，同时对方为提高风电项目发电效率及收益，重新优化风机机型的选择,导致合同未正常履行，该项目的供货时间将后移至2024年和 2025年。",与昌图润航的3.15亿元合同本年度未履行，因客户项目延期及机型优化，影响当期收入且未来履行存在不确定性。 || 与昌图润荣的3.15亿元合同同样未履行，原因相同，两合同合计6.29亿元待履行，客户信用风险暴露显著。,两笔重大合同均未按计划履行，金额巨大且原因为客户原因，直接影响公司收入和经营计划，暴露程度高。,,"待履行合同金额62,912万元",False,sufficient,False,证据均来源于年报原文，风险点清晰，量化数据充分，覆盖政策、财务、合规、供应链、需求、客户履约等领域，共7条风险暴露，未超出12条上限。
output/risk_exposure_sw3_430101_25_strict/02_stage2/A000809_2023/A000809_2023_risk_exposure.json,A000809,铁岭新城,2023,A000809_2023,会计差错更正导致的财务报告风险,诉讼合规治理,收入确认方法调整,2,"按照净额法，2023 年第三季度混塔业务确认收入为 703,223.30 元，公司依此对 2023 年第三季度相关财务信息进行更正。 || 公司本次对前期会计差错采用追溯重述法进行更正，相应对 2023年9 月30日财务报表中营业收入、营业成本等有关项目进行调整，对总资产、股东权益、净利润均无影响",公司因对混塔业务收入确认方式判断错误而进行前期会计差错更正，涉及金额较大，反映财务报告内控风险。 || 虽更正后对净资产和净利润无影响，但收入调减约2291万元，暴露了业务判断和合规风险。,会计差错更正显示公司收入确认存在不当判断，虽已纠正但反映内控薄弱，暴露程度中等。,,"营业收入调减22,914,033.34元",False,sufficient,False,证据均来源于年报原文，风险点清晰，量化数据充分，覆盖政策、财务、合规、供应链、需求、客户履约等领域，共7条风险暴露，未超出12条上限。
output/risk_exposure_sw3_430101_25_strict/02_stage2/A000838_2023/A000838_2023_risk_exposure.json,A000838,财信发展,2023,A000838_2023,房地产行业需求下行,需求周期,行业周期,3,"签约销售面积 | 平方米 | 146,633 | 260,669.00 | -43.75% || 签约销售金额 | 万元 | 75,434 | 174,051.00 | -56.66% || 我国宏观经济面临下行压力，叠加中长期住房需求动能释放减弱，行业持续低迷，2023 年销售持续疲软",签约销售面积同比下降43.75%，说明销售规模大幅萎缩，直接影响收入。 || 签约销售金额同比下降56.66%，降幅超过面积降幅，反映单价或去化困难。 || 公司自身将销售下滑归因于宏观和行业需求走弱，验证需求周期风险。,签约销售面积和金额双双大幅下降，且公司明确归因为行业需求低迷，对营业收入产生直接影响，暴露程度高。,,签约销售面积同比变化 || 签约销售金额同比变化,False,sufficient,False,证据均来自年报原文，覆盖主要风险领域，数据详实。
output/risk_exposure_sw3_430101_25_strict/02_stage2/A000838_2023/A000838_2023_risk_exposure.json,A000838,财信发展,2023,A000838_2023,地区收入集中度风险,客户信用/集中度,地区集中度,2,"重庆分部 | 2,201,876,211.48 | 54.79% | 1,015,437,658.72 | 24.20% | 116.84% || 江苏分部 | 556,127,535.02 | 13.84% | 1,884,413,510.47 | 44.91% | -70.49%",重庆分部收入占公司总收入的54.79%，且同比大幅增长，单一地区依赖度高。 || 江苏分部收入占比由44.91%骤降至13.84%，收入波动大，地区间不平衡。,公司收入高度集中于重庆地区（54.79%），其他地区收入波动剧烈，存在地区集中度风险，暴露程度中等。,,各分部收入占比,False,sufficient,False,证据均来自年报原文，覆盖主要风险领域，数据详实。
output/risk_exposure_sw3_430101_25_strict/02_stage2/A000838_2023/A000838_2023_risk_exposure.json,A000838,财信发展,2023,A000838_2023,环保板块收入下滑,需求周期,环保业务,2,"环保板块收入 | 90,966,084.93 | 2.26% | 132,881,364.45 | 3.17% | -31.54%",环保板块收入同比下降31.54%，降幅显著，对整体收入造成负面影响。,环保板块收入同比大幅下滑31.54%，且占比下降，表明该板块面临需求或经营压力，暴露程度中等。,,环保板块收入同比变化 || 环保板块收入占比,False,sufficient,False,证据均来自年报原文，覆盖主要风险领域，数据详实。
output/risk_exposure_sw3_430101_25_strict/02_stage2/A000838_2023/A000838_2023_risk_exposure.json,A000838,财信发展,2023,A000838_2023,财务流动性风险,财务流动性,资产负债恶化,3,"总资产（元） | 4,241,713,180.92 | 10,695,055,091.32 | -60.34% || 归属于上市公司股东的净资产（元） | 680,669,522.77 | 967,168,449.90 | -29.62% || 扣除非经常损益前后的净利润孰低者为负值 是 □否",总资产较上年下降60.34%，资产规模大幅缩减。 || 净资产同比下降29.62%，所有者权益严重侵蚀。 || 公司最近一个会计年度扣非前后净利润孰低为负，表明经营亏损。,总资产和净资产大幅下降，且净利润为负，表明公司财务流动性紧张、偿债能力削弱，暴露程度高。,,总资产同比变化 || 净资产同比变化 || 净利润正负,False,sufficient,False,证据均来自年报原文，覆盖主要风险领域，数据详实。
output/risk_exposure_sw3_430101_25_strict/02_stage2/A000838_2023/A000838_2023_risk_exposure.json,A000838,财信发展,2023,A000838_2023,诉讼及合规风险,诉讼合规治理,监管处罚,3,"2023 年，公司抽查往年事项发现 2020 年公司对间接参股公司深圳市财信新领航置业有限公司提供财务资助 2,000 万元，由于旧改项目未最终落地，前述财务资助于 2021 年转至非关联方深圳信展投资控股有限公司。上述对外提供财务资助事项，公司未签订协议，未履行审议程序并及时进行临时公告。同时，2024 年 3 月中国证券监督管理委员会重庆监管局针对此事项发布行政监管措施决定书【2024】6 号《关于对财信地产发展集团股份有限公司采取责令改正措施的决定》。",公司存在未履行审议程序的财务资助违规行为，并收到证监局责令改正决定，面临监管处罚和整改压力。,违规提供财务资助、未履行审议程序已被监管出具责令改正措施，暴露公司治理和合规风险，暴露程度高。,公司已补签协议、召开董事会审议补充确认、发布公告、进行内部整改,财务资助金额2000万元 || 行政监管措施决定书编号,False,sufficient,False,证据均来自年报原文，覆盖主要风险领域，数据详实。
output/risk_exposure_sw3_430101_25_strict/02_stage2/A000838_2023/A000838_2023_risk_exposure.json,A000838,财信发展,2023,A000838_2023,按揭贷款担保风险,客户信用/集中度,或有负债,2,"截止本报告期末，公司为商品房承购人因银行抵押贷款提供的担保余额为 77,198.57 万元。",公司为商品房承购人提供大额担保余额，若承购人违约，公司可能承担偿付责任。,大额担保余额（约7.72亿元）构成重大或有负债，可能影响公司现金流和财务状况，暴露程度中等。,,担保余额金额,False,sufficient,False,证据均来自年报原文，覆盖主要风险领域，数据详实。
output/risk_exposure_sw3_430101_25_strict/02_stage2/A000863_2023/A000863_2023_risk_exposure.json,A000863,三湘印象,2023,A000863_2023,房地产销售下滑,需求周期,房地产销售,3,"房地产销售 | 757, 854,422. 15 | 315,020,565.99 | 58.43% | -36.27% | -45.26% | 6.83%","房地产销售收入757,854,422.15元，同比下降36.27%，表明公司核心房地产业务遭遇市场需求下行，收入显著萎缩。",房地产销售收入同比下降36.27%，占营业收入比重最大，直接导致公司整体收入下滑，对经营业绩有重大负面影响。,,房地产销售营业收入同比增速 || 房地产销售毛利率同比变化,False,sufficient,False,从年报中提取了7条风险暴露，使用了金额、比例、同比等可审计信息，证据质量高。
output/risk_exposure_sw3_430101_25_strict/02_stage2/A000863_2023/A000863_2023_risk_exposure.json,A000863,三湘印象,2023,A000863_2023,客户按揭担保风险,客户信用/集中度,按揭担保,2,"截至2023年12 月31日，本公司为客户购房按揭贷款提供的阶段性担保总额为 163,539.71万元。",公司为客户按揭贷款提供16.35亿元的阶段性担保，若购房者违约可能需代偿，形成潜在信用风险。,担保金额高达16.35亿元，若房地产市场需求持续下滑导致购房者还款能力下降，公司可能面临代偿损失，影响现金流。,,阶段性担保总额,False,sufficient,False,从年报中提取了7条风险暴露，使用了金额、比例、同比等可审计信息，证据质量高。
output/risk_exposure_sw3_430101_25_strict/02_stage2/A000863_2023/A000863_2023_risk_exposure.json,A000863,三湘印象,2023,A000863_2023,供应商集中风险,供应链,采购集中,2,"前五名供应商合计采购金额（元） | 371,699,597. 86 前五名供应商合计采购金额占年度采购总额比例 | 38.09%",前五大供应商采购占比38.09%，采购集中度较高，一旦主要供应商出现问题可能影响供应链稳定。,前五名供应商采购额占年度采购总额38.09%，存在供应商依赖风险，可能因供应商问题导致成本上升或供应中断。,,前五名供应商采购占比,False,sufficient,False,从年报中提取了7条风险暴露，使用了金额、比例、同比等可审计信息，证据质量高。
output/risk_exposure_sw3_430101_25_strict/02_stage2/A000863_2023/A000863_2023_risk_exposure.json,A000863,三湘印象,2023,A000863_2023,流动性风险,财务流动性,现金流,2,"报告期内公司经营活动产生的现金净流量 4,508,524.05 元 || 筹资活动现金流入小计 | 160,854, 519. 46 | 323,100,000.00 | -50.22%",经营活动现金流量净额仅450.85万元，远低于净利润，表明盈利质量较差，经营性现金流紧张。 || 筹资活动现金流入1.61亿元，同比下降50.22%，外部融资能力减弱。,经营现金流极低且筹资流入大幅下降，公司可能面临短期偿债及运营资金压力。,,经营活动现金流量净额 || 筹资活动现金流入同比变化,False,sufficient,False,从年报中提取了7条风险暴露，使用了金额、比例、同比等可审计信息，证据质量高。
output/risk_exposure_sw3_430101_25_strict/02_stage2/A000863_2023/A000863_2023_risk_exposure.json,A000863,三湘印象,2023,A000863_2023,投资基金公允价值波动,市场价格,金融资产公允价值,2,"公允价值变动损益 | -38,980,285. 34 | 156.56% | 主要系本期投资基金公允价值变动损益 | 否",公允价值变动损失3898万元，占利润总额156.56%，对利润冲击巨大。,公允价值变动损益（损失）占利润总额比例超过100%，说明公司盈利高度依赖金融资产公允价值变动，存在较大不确定性。,,公允价值变动损益金额 || 公允价值变动损益占利润总额比例,False,sufficient,False,从年报中提取了7条风险暴露，使用了金额、比例、同比等可审计信息，证据质量高。
output/risk_exposure_sw3_430101_25_strict/02_stage2/A000863_2023/A000863_2023_risk_exposure.json,A000863,三湘印象,2023,A000863_2023,股权投资减值风险,市场价格,资产减值,2,"资产减值 | -6,510,971. 26 | 26.15% | 主要系本期公司持有的维康金杖股权计提减值所致 | 否",对维康金杖股权投资计提减值651万元，占利润总额26.15%，表明所持股权价值下降。,股权减值占利润总额四分之一以上，若未来继续减值将损害盈利。,,资产减值损失金额 || 资产减值损失占利润总额比例,False,sufficient,False,从年报中提取了7条风险暴露，使用了金额、比例、同比等可审计信息，证据质量高。
output/risk_exposure_sw3_430101_25_strict/02_stage2/A000863_2023/A000863_2023_risk_exposure.json,A000863,三湘印象,2023,A000863_2023,存货高企风险,需求周期,房地产存货,2,"存货 | 4,304,228, 960. 87 | 61.32% | 4,129,319,506. 04 | 59.68% | 1. 64%",存货43.04亿元，占总资产61.32%，占比极高且同比上升，若市场恶化可能发生跌价。,存货占总资产比例超过60%，且同比上升，若房地产销售持续下滑，存货可能面临较大减值风险。,,存货占总资产比例 || 存货同比变化,False,sufficient,False,从年报中提取了7条风险暴露，使用了金额、比例、同比等可审计信息，证据质量高。
output/risk_exposure_sw3_430101_25_strict/02_stage2/A000897_2023/A000897_2023_risk_exposure.json,A000897,津滨发展,2023,A000897_2023,预售款下降导致收入不确定性,需求周期,预售收入下降,2,经营活动现金流入同比减少 37.58%，主要系本期预售房款较上年同期减少所致 || 报告期内经营活动产生的现金净流量为负主要系报告期内支付税费、支付竞拍土地保证金较多所致,预售房款减少表明未来收入可能下降，反映了房地产市场需求减弱的风险 || 经营活动现金净流量为负进一步反映了资金回笼压力，与预售款减少相关,预售款减少直接导致经营活动现金流入大幅下降，虽年报中收入增长但预售下滑预示未来收入可能受需求周期影响,,经营活动现金流入同比-37.58%,False,sufficient,False,根据年报文本提取了4个主要风险，证据明确，覆盖需求、供应链、流动性和信用担保领域
output/risk_exposure_sw3_430101_25_strict/02_stage2/A000897_2023/A000897_2023_risk_exposure.json,A000897,津滨发展,2023,A000897_2023,供应商集中度过高,供应链,供应商集中,2,"前五名供应商合计采购金额（元） | 321,288,227.23
前五名供应商合计采购金额占年度采购总额比例 | 63.39% || 1 | 供应商1 | 228,892,251. 34 | 45.16%",前五名供应商采购金额占年度采购总额63.39%，集中度高，依赖少数供应商 || 第一大供应商占采购总额45.16%，单一供应商依赖度极高，若供应中断将影响项目进度,供应商高度集中，尤其第一大供应商占比45.16%，一旦出现问题可能导致成本上升或供应链中断,,前五名供应商采购占比63.39% || 第一大供应商占比45.16%,False,sufficient,False,根据年报文本提取了4个主要风险，证据明确，覆盖需求、供应链、流动性和信用担保领域
output/risk_exposure_sw3_430101_25_strict/02_stage2/A000897_2023/A000897_2023_risk_exposure.json,A000897,津滨发展,2023,A000897_2023,经营现金流为负且融资困难,财务流动性,现金流压力,3,"报告期内经营活动产生的现金净流量为负主要系报告期内支付税费、支付竞拍土地保证金较多所致 || 筹资活动现金流入同比减少 99.66%，筹资活动现金流出同比减少 24.22%，主要系上年同期借入资金和支付到期债务较本 期较多所致 || 短期借款 |  | 97,891,320.23 | -100.00%",经营活动现金净流量为负，表明公司主营无法产生正向现金流，需依赖外部融资 || 筹资活动现金流入几乎归零，反映公司融资能力大幅减弱，加剧流动性风险 || 短期借款余额降为零，公司偿还到期借款后未获得新融资，进一步印证融资困境,经营现金流为负且筹资活动现金流入减少99.66%，短期借款清零，公司面临严重流动性压力，可能影响持续经营,,经营活动现金净流量为负 || 筹资活动现金流入同比-99.66% || 短期借款余额0,False,sufficient,False,根据年报文本提取了4个主要风险，证据明确，覆盖需求、供应链、流动性和信用担保领域
output/risk_exposure_sw3_430101_25_strict/02_stage2/A000897_2023/A000897_2023_risk_exposure.json,A000897,津滨发展,2023,A000897_2023,客户按揭担保违约风险,客户信用/集中度,按揭担保,1,截至本期末，本公司为客户的按揭贷款提供担保总额约人民币 6.49亿元，报告期内出现一笔客户违约情况，公司履行阶段性担保金额 126.09万元。,公司为客户按揭贷款提供6.49亿元担保，已发生一笔违约，虽金额较小但未来违约可能增加,担保总额6.49亿元，但实际违约仅126万元且已收回，公司认为无重大影响，故暴露程度低,本公司已于财务报告报出日前将该房屋收回,担保总额6.49亿元 || 违约金额126.09万元,False,sufficient,False,根据年报文本提取了4个主要风险，证据明确，覆盖需求、供应链、流动性和信用担保领域
output/risk_exposure_sw3_430101_25_strict/02_stage2/A000909_2023/A000909_2023_risk_exposure.json,A000909,ST数源,2023,A000909_2023,监管处罚与信息披露违规风险,诉讼合规治理,信息披露违规,3,"2023年7月14日，公司时任董事长章国经、总经理吴小刚、财务总监李兴哲、董事会秘书高晓娟收到中国证券监督管理委员会浙江监管局下发的《关于对数源科技股份有限公司及相关责任人员采取出具警示函监管措施的决定》，公司于2023年1月31日披露《2022年度业绩预告》，预计2022年度实现归属于上市公司股东的净利润为亏损5,000万元至7,500万元。2023年4月20日，数源科技披露《2022年度业绩预告修正公告》，修正后预计2022年度实现归属于上市公司股东的净利润为亏损29,130万元至37,870万元。业绩预告相关信息披露不准确。 || 2023年11月15日，公司时任董事长章国经、总经理吴小刚、财务总监李兴哲收到深圳证券交易所下发的《关于对数源科技股份有限公司及相关当事人给予通报批评处分的决定》（深证上〔2023〕1050号）。",公司因2022年度业绩预告严重不准确被浙江证监局出具警示函，表明存在信息披露违规风险，直接暴露合规问题。 || 深交所对公司及相关责任人给予通报批评处分，进一步强化了监管处罚风险，影响公司治理和资本市场信任。,年报披露近三年三次证券监管机构处罚，包括警示函和通报批评，涉及业绩预告差错、财务资助未披露等，表明公司在信息披露和内控合规方面存在重大缺陷，对经营连续性和合规状态构成直接威胁。,公司在经营计划中提出优化业务及管理流程、完善内控制度等改善措施。,监管处罚次数 || 处罚类型,False,sufficient,False,通过年报证据抽取了6条风险，包括3条高风险（诉讼合规、财务流动性、客户集中度），1条中风险（市场价格波动），2条低风险（政策、竞争）。每条风险均有明确原文证据支撑，证据充分。
output/risk_exposure_sw3_430101_25_strict/02_stage2/A000909_2023/A000909_2023_risk_exposure.json,A000909,ST数源,2023,A000909_2023,短期偿债压力与资金流动性风险,财务流动性,现金流紧张,3,"2023年筹资活动产生的现金流量净额为-729,156,001.15元，较上年同期减少，主要系本期支付其他与筹资活动相关的现金增加所致。 || 2023年现金及现金等价物净增加额为-240,943,141.88元，较上年同期大幅减少，主要系筹资活动产生的现金流量净额减少所致。 || 公司将不断优化业务及管理流程，进一步完善资金收支及交易规范相关制度，公司业务切实遵照公司相关制度严格执行，同时持续加强对公司的管理，包括对财务、资金、销售及业务流程的梳理和管控，保障公司资金安全",筹资活动现金流大额净流出7.29亿元，表明公司融资环境收紧或偿还债务压力大，直接影响流动性。 || 现金及现金等价物净减少2.41亿元，反映整体现金储备下降，流动性风险加剧。 || 经营计划中重点提及保障资金安全，间接表明公司面临资金管理压力。,证据显示公司2023年筹资活动现金流净流出7.29亿元，现金净减少2.41亿元，且经营计划中重点提及保障资金安全，表明公司面临显著的短期偿债压力和流动性风险。,公司提出加强资金管理、加快销售回款等改善措施。,筹资活动现金流量净额 || 现金及现金等价物净增加额,False,sufficient,False,通过年报证据抽取了6条风险，包括3条高风险（诉讼合规、财务流动性、客户集中度），1条中风险（市场价格波动），2条低风险（政策、竞争）。每条风险均有明确原文证据支撑，证据充分。
output/risk_exposure_sw3_430101_25_strict/02_stage2/A000909_2023/A000909_2023_risk_exposure.json,A000909,ST数源,2023,A000909_2023,客户集中度与关联方依赖风险,客户信用/集中度,客户集中,3,"前五名客户合计销售金额（元） | 378,352,103.20
前五名客户合计销售金额占年度销售总额比例 | 56.21%
前五名客户销售额中关联方销售额占年度销售总额比例 | 47.82%",公司前五名客户销售额占年度总销售额的56.21%，其中关联方销售额占47.82%，表明客户高度集中且严重依赖关联方，一旦主要客户或关联方出现信用问题或业务变化，将直接影响公司收入。,客户集中度数据揭示了公司收入对少数客户的严重依赖，且关联交易占比较高，增加收入不确定性和信用风险。,经营计划中提及加强与合作伙伴沟通、加快销售回款,前五名客户集中度 || 关联方销售占比,False,sufficient,False,通过年报证据抽取了6条风险，包括3条高风险（诉讼合规、财务流动性、客户集中度），1条中风险（市场价格波动），2条低风险（政策、竞争）。每条风险均有明确原文证据支撑，证据充分。
output/risk_exposure_sw3_430101_25_strict/02_stage2/A000909_2023/A000909_2023_risk_exposure.json,A000909,ST数源,2023,A000909_2023,金融资产公允价值波动风险,市场价格,金融资产,2,"除同公司正常经营业务相关的有效套期保值业务外，非金融企业持有金融资产和金融负债产生的公允价值变动损益以及处置金融资产和金融负债产生的损益 | -99,511,083.03 || 公允价值变动损益 | -99,652,392.92 | 36.72% | 主要系本期金融资产公允价值变动所致 | 否",非经常性损益中公允价值变动亏损约9951万元，表明公司持有的金融资产价值波动对利润产生重大负面影响。 || 非主营业务分析显示公允价值变动亏损9965万元，占利润总额的36.72%，进一步证实金融资产价格波动风险显著。,"连续两年公允价值变动出现大额亏损（2022年-107,880,120.54元），2023年继续亏损近1亿元，表明金融资产价格波动构成显著风险。",,公允价值变动损益金额 || 占利润总额比例,False,sufficient,False,通过年报证据抽取了6条风险，包括3条高风险（诉讼合规、财务流动性、客户集中度），1条中风险（市场价格波动），2条低风险（政策、竞争）。每条风险均有明确原文证据支撑，证据充分。
output/risk_exposure_sw3_430101_25_strict/02_stage2/A000909_2023/A000909_2023_risk_exposure.json,A000909,ST数源,2023,A000909_2023,宏观政策变化风险,政策监管,行业政策,1,政策风险：公司的主营业务为电子信息产品、科技产业园区、商贸和房地产等业务，各个领域的政策变化有可能会对公司的业务发展产生影响。,公司明确将政策变化列为可能面对的风险，但未提供具体影响金额或重大事件，属于一般性披露。,年报中仅作概括性表述，无量化证据，暴露程度低。,公司将时刻关注国家宏观政策的变化，并相应调整公司的经营决策,,False,sufficient,False,通过年报证据抽取了6条风险，包括3条高风险（诉讼合规、财务流动性、客户集中度），1条中风险（市场价格波动），2条低风险（政策、竞争）。每条风险均有明确原文证据支撑，证据充分。
output/risk_exposure_sw3_430101_25_strict/02_stage2/A000909_2023/A000909_2023_risk_exposure.json,A000909,ST数源,2023,A000909_2023,市场竞争加剧风险,需求周期,竞争,1,竞争风险：行业新进入者快速涌入，有可能会带来市场竞争风险。,公司披露行业新进入者涌入可能带来竞争风险，但无具体财务影响数据。,仅为公司一般性风险提示，缺乏量化证据。,公司将努力提升自身核心竞争优势，积极获取新项目，同时加快开发速度,,False,sufficient,False,通过年报证据抽取了6条风险，包括3条高风险（诉讼合规、财务流动性、客户集中度），1条中风险（市场价格波动），2条低风险（政策、竞争）。每条风险均有明确原文证据支撑，证据充分。
output/risk_exposure_sw3_430101_25_strict/02_stage2/A000926_2023/A000926_2023_risk_exposure.json,A000926,福星股份,2023,A000926_2023,房地产市场需求下降,需求周期,房地产销售,3,"房地产 | 4,338,040,921.95 | 2,948,208,658.74 | 32.04% | -69.09% | -72.90% | 9.55% || 经营活动产生的现金流量净额较上期减少62.52%，主要系本期销售商品房收到的现金减少所致",主营业务分行业表格显示2023年房地产营业收入同比下降69.09%，收入大幅下滑，表明市场需求严重萎缩。 || 销售回款大幅减少，直接反映需求下降对现金流的冲击。,营业收入同比降69.09%且经营活动现金流大幅减少，均指向房地产市场需求明显下滑，对公司收入及现金流产生重大不利影响。,公司将紧跟政策导向，加强对宏观政策的跟踪研究，积极部署，强化开发节奏，转变销售策略 || 拓宽融资渠道，优化债务结构,营业收入同比-69.09% || 经营活动现金流量净额同比-62.52%,False,sufficient,False,证据充分覆盖主要风险，引用原文准确，无缺失关键信息
output/risk_exposure_sw3_430101_25_strict/02_stage2/A000926_2023/A000926_2023_risk_exposure.json,A000926,福星股份,2023,A000926_2023,住房价格波动,市场价格,房地产价格,3,"同时，公司在经营过程中可能面临住房价格波动 || 公允价值变动损益 | -46,040,454.31 | -15.82% | 主要系本期公司投资性房地产公允价值变动所致 || 资产减值损失（损失以“一”号填列) | -63,222,342.38 | -21.73% | 主要系本期计提存货跌价准备所致","公司明确披露住房价格波动风险，可能影响项目盈利能力。 || 公允价值变动损失占利润总额-15.82%，直接由房价波动导致，对利润产生重大负面影响。 || 存货跌价准备63,222,342.38元，反映房价下跌导致的资产减值风险，进一步侵蚀利润。",公司披露住房价格波动风险，且公允价值变动和存货减值合计超1亿元，对利润产生重大负面影响，暴露度高。,公司紧跟政策导向，加强宏观政策跟踪研究，积极部署，强化开发节奏，转变销售策略,"投资性房地产公允价值变动损益-46,040,454.31元 || 存货跌价准备-63,222,342.38元",False,sufficient,False,证据充分覆盖主要风险，引用原文准确，无缺失关键信息
output/risk_exposure_sw3_430101_25_strict/02_stage2/A000926_2023/A000926_2023_risk_exposure.json,A000926,福星股份,2023,A000926_2023,施工承包价格波动,供应链,施工成本,2,施工承包价格波动,公司明确将施工承包价格波动列为业务经营风险之一，可能导致成本上升、项目盈利能力下降。,虽无量化数据，但公司明确列为经营风险，且房地产项目开发成本中施工承包占比大，波动将直接影响成本。,公司积极部署，强化开发节奏，加强成本控制,,False,sufficient,False,证据充分覆盖主要风险，引用原文准确，无缺失关键信息
output/risk_exposure_sw3_430101_25_strict/02_stage2/A000926_2023/A000926_2023_risk_exposure.json,A000926,福星股份,2023,A000926_2023,城市规划调整,政策监管,规划审批,2,城市规划调整,公司披露城市规划调整风险，可能导致项目开发难度增大、周期延长、成本上升。,公司明确识别该风险，且房地产项目受规划政策影响大，一旦调整可能直接导致项目停滞或收益下降。,公司加强宏观政策跟踪研究，积极部署,,False,sufficient,False,证据充分覆盖主要风险，引用原文准确，无缺失关键信息
output/risk_exposure_sw3_430101_25_strict/02_stage2/A000926_2023/A000926_2023_risk_exposure.json,A000926,福星股份,2023,A000926_2023,拆迁进度不及预期,供应链,土地开发,2,拆迁进度不及预期,公司披露拆迁进度不及预期风险，可能导致项目开发周期延长、成本上升。,公司明确列为经营风险，拆迁进度直接影响项目开工和资金回笼，对公司经营有实质性影响。,公司加强政府沟通，积极部署,,False,sufficient,False,证据充分覆盖主要风险，引用原文准确，无缺失关键信息
output/risk_exposure_sw3_430101_25_strict/02_stage2/A000926_2023/A000926_2023_risk_exposure.json,A000926,福星股份,2023,A000926_2023,资金周转和偿债风险,财务流动性,偿债能力,3,"公司所处的房地产行业属于资本密集型行业，若未来市场经营环境出现波动或者融资环境发生变化，有可能使公司面临一定的资金周转压力和偿债风险 || 筹资活动产生的现金流量净额较上期减少72.86%，主要系本期偿还债务支付的现金减少所致 || 现金及现金等价物净增加额 | -400,205,998.93 | -1,615,585,766.12 | -75.23%",公司直接披露资金周转和偿债风险，房地产行业负债率高，融资环境变化将直接影响公司流动性。 || 筹资活动现金流大幅减少，表明对外融资能力下降或偿债支出减少，反映偿债压力增大。 || 现金及现金等价物净减少额达4亿元，降幅75.23%，显示公司流动性显著恶化。,公司明确披露资金周转和偿债风险，且筹资现金流和现金净增加额均大幅恶化，流动性压力突出。,公司继续推行稳健的财务政策，保持合理的财务杠杆，拓宽融资渠道，丰富融资品种，优化资本结构,筹资活动现金流量净额同比-72.86% || 现金及现金等价物净增加额同比-75.23%,False,sufficient,False,证据充分覆盖主要风险，引用原文准确，无缺失关键信息
output/risk_exposure_sw3_430101_25_strict/02_stage2/A000926_2023/A000926_2023_risk_exposure.json,A000926,福星股份,2023,A000926_2023,不可抗力风险,运营安全环保,自然灾害/公共卫生,1,严重自然灾害、突发性公共卫生事件将对国家的金融和经济环境造成不利影响，将对公司财产和人员造成危害，从而影响公司的正常生产经营,公司披露不可抗力风险，属于一般性风险披露，对经营有潜在影响但无具体量化数据。,公司一般性披露不可抗力风险，无具体业务或财务数据支撑，暴露度低。,公司加强风险预警和应急管理,,False,sufficient,False,证据充分覆盖主要风险，引用原文准确，无缺失关键信息
output/risk_exposure_sw3_430101_25_strict/02_stage2/A000961_2023/A000961_2023_risk_exposure.json,A000961,中南建设,2023,A000961_2023,持续经营能力不确定性,财务流动性,持续经营,3,公司最近三个会计年度扣除非经常性损益前后净利润孰低者均为负值，且最近一年审计报告显示公司持续经营能力存在不确定性：是,年报明确提示持续经营能力存在不确定性，说明公司经营面临重大风险，直接影响持续经营假设,审计报告明确揭示持续经营不确定性，且连续三年扣非净利润为负，表明公司存在重大持续经营风险,,连续三年扣非净利润为负 || 审计报告持续经营不确定性,False,sufficient,False,基于年报中的财务数据和风险描述抽取了6条主要风险暴露，证据来自营业收入、现金流、减值、分行业利润、融资变化及风险陈述，证据连续且可审计
output/risk_exposure_sw3_430101_25_strict/02_stage2/A000961_2023/A000961_2023_risk_exposure.json,A000961,中南建设,2023,A000961_2023,经营活动现金流大幅下降,财务流动性,现金流,3,"经营活动产生的现金流量净额（元） | 127,132,640.5 | 6,253,316,303.140 | 6,253,316,303.14 | -97.97%",经营活动现金流从62.53亿元骤降至1.27亿元，下降97.97%，表明公司经营活动创现能力严重恶化，流动性极度紧张,经营活动现金流是公司内生现金来源，下降幅度超过97%直接反映公司资金回笼能力崩溃，构成高流动性风险,进一步持续推动销售，提高回款速度，增加自由现金，继续坚持审慎策略，进一步精细化管理，严格控制费用，与金融机构等各类合作伙伴探讨更灵活的支付安排，控制现金支出，加强各种形式的合作，提升抗风险的能力,经营活动现金流净额同比变化-97.97%,False,sufficient,False,基于年报中的财务数据和风险描述抽取了6条主要风险暴露，证据来自营业收入、现金流、减值、分行业利润、融资变化及风险陈述，证据连续且可审计
output/risk_exposure_sw3_430101_25_strict/02_stage2/A000961_2023/A000961_2023_risk_exposure.json,A000961,中南建设,2023,A000961_2023,资产减值风险,市场价格,资产价值,2,"信用减值损失 | -856,850,336.38 | 25.26% | 应收款项计提坏账准备 | 否 || 资产减值损失 | -2,163,994,434.49 | 63.80% | 计提存货跌价准备 | 否",信用减值损失8.57亿元，占利润总额25.26%，主要来自应收款项坏账，反映客户信用状况恶化 || 资产减值损失21.64亿元，占利润总额63.80%，主要来自存货跌价准备，表明房地产项目价值大幅下降,两项减值合计超过30亿元，金额巨大且占利润总额比例高，直接导致巨额亏损，反映资产市场价格下跌风险,,信用减值损失8.57亿元 || 资产减值损失21.64亿元,False,sufficient,False,基于年报中的财务数据和风险描述抽取了6条主要风险暴露，证据来自营业收入、现金流、减值、分行业利润、融资变化及风险陈述，证据连续且可审计
output/risk_exposure_sw3_430101_25_strict/02_stage2/A000961_2023/A000961_2023_risk_exposure.json,A000961,中南建设,2023,A000961_2023,建筑施工业务亏损与下滑,需求周期,业务萎缩,2,"建筑施工 | 4,614,023,631.25 | -51.32% | 5,468,185,765.34 | -48.03% | -18.51% | -7.51%",建筑施工业务收入同比下降51.32%，毛利率为-18.51%，表明该业务严重亏损且市场需求急剧萎缩,建筑施工收入腰斩且毛利率为负，该业务虽占比不大但持续亏损，反映下游需求周期下行风险,,建筑施工收入同比-51.32% || 建筑施工毛利率-18.51%,False,sufficient,False,基于年报中的财务数据和风险描述抽取了6条主要风险暴露，证据来自营业收入、现金流、减值、分行业利润、融资变化及风险陈述，证据连续且可审计
output/risk_exposure_sw3_430101_25_strict/02_stage2/A000961_2023/A000961_2023_risk_exposure.json,A000961,中南建设,2023,A000961_2023,融资受限风险,财务流动性,融资环境,2,"筹资活动现金流入小计 | 2,813,891,816.87 | 13,386,229,152.52 | -78.98% || 相关数据同比发生重大变动的主要影响因素说明：受行业非良性循环加深的影响，本年度公司业务量下滑，融资受到比较大的限制。",筹资活动现金流入同比下降78.98%，表明外部融资渠道严重收窄 || 年报明确将融资受限归因于行业非良性循环，说明外部融资环境恶化且短期内难以改善,筹资流入大幅下降且公司自身承认融资受限，融资能力丧失将直接威胁公司流动性和偿债能力,与金融机构等各类合作伙伴探讨更灵活的支付安排，控制现金支出，加强各种形式的合作,筹资活动现金流入同比-78.98%,False,sufficient,False,基于年报中的财务数据和风险描述抽取了6条主要风险暴露，证据来自营业收入、现金流、减值、分行业利润、融资变化及风险陈述，证据连续且可审计
output/risk_exposure_sw3_430101_25_strict/02_stage2/A000961_2023/A000961_2023_risk_exposure.json,A000961,中南建设,2023,A000961_2023,行业非良性循环财务压力,需求周期,行业周期,2,在市场风险扩大的情况下，企业间非良性循环可能恶化，行业整体的财务压力将进一步增加。,年报定性描述行业非良性循环导致财务压力增加，表明公司面临系统性行业下行风险,该风险为行业层面的系统性风险，结合公司财务恶化数据，行业非良性循环已对公司造成实际负面影响,进一步持续推动销售，提高回款速度，增加自由现金，继续坚持审慎策略，进一步精细化管理，严格控制费用,,False,sufficient,False,基于年报中的财务数据和风险描述抽取了6条主要风险暴露，证据来自营业收入、现金流、减值、分行业利润、融资变化及风险陈述，证据连续且可审计
output/risk_exposure_sw3_430101_25_strict/02_stage2/A000965_2023/A000965_2023_risk_exposure.json,A000965,天保基建,2023,A000965_2023,业务模式单一,需求周期,行业集中,2,公司目前经营主业是住宅类房地产开发，对新业务拓展和培育处于起步阶段，目前业务类型较为单一，易受政策和市场的双重影响。,公司明确披露业务类型单一，易受政策和市场双重影响，构成需求周期风险。,该风险直接来自经营风险披露，表明公司收入高度依赖单一业务，市场或政策变化将显著冲击业绩。,在做好房地产主业和产业园区双主业的同时，加强多元产业拓展，培育发展动能。 || 进一步优化业务布局，坚持多赛道发力，加大在产业园区运营、物业管理、酒店管理等新业务领域深耕力度。,房地产销售收入占营业收入95.99%,False,sufficient,False,证据包括明确的风险描述、财务数据表格和子公司经营细节，支撑了9条风险暴露的提取。
output/risk_exposure_sw3_430101_25_strict/02_stage2/A000965_2023/A000965_2023_risk_exposure.json,A000965,天保基建,2023,A000965_2023,资产规模偏小,财务流动性,资本实力,2,资产规模和净资产规模较小，资金实力有限，限制了公司的发展速度，在市场竞争日益激烈的环境中，存在资产规模偏小的风险。,公司披露资产和净资产规模小，资金实力有限，限制发展，形成财务流动性风险。,风险披露明确，资产规模小影响融资能力和抗风险能力。,创新资产经营模式，建立规范经营机制，规范资产管理。 || 同时采用联合开发、合作等方式规避自身资金实力不足，提高资产规模和资金实力。,总资产约135亿元 || 净资产约73亿元,False,sufficient,False,证据包括明确的风险描述、财务数据表格和子公司经营细节，支撑了9条风险暴露的提取。
output/risk_exposure_sw3_430101_25_strict/02_stage2/A000965_2023/A000965_2023_risk_exposure.json,A000965,天保基建,2023,A000965_2023,资金管理受限,政策监管,资金监管,2,银行和房管的资金监管降低了资金使用效益。,公司指出银行和房管资金监管导致资金使用效益降低，构成政策监管风险。,监管政策直接限制资金使用效率，影响现金流和财务灵活性。,为满足公司资金需求，保障公司资金链的安全，在做好加大销售回款的同时，一方面充分运用上市公司融资平台，围绕公司战略，着力筹划新资本运作策略；另一方面，加强全面预算管理，合理安排资金的使用，增强资金使用的计划性，提高资金使用效率。,,False,sufficient,False,证据包括明确的风险描述、财务数据表格和子公司经营细节，支撑了9条风险暴露的提取。
output/risk_exposure_sw3_430101_25_strict/02_stage2/A000965_2023/A000965_2023_risk_exposure.json,A000965,天保基建,2023,A000965_2023,房地产销售成本上升,市场价格,建安成本,3,房地产销售成本与去年同期相比增加 54.07%，主要是报告期内满足结转收入条件的项目毛利降低所致。,成本同比大幅增加54.07%，毛利率降低，显示市场价格风险对利润的直接冲击。,成本上升直接压缩毛利，且幅度巨大（54.07%），对盈利产生重大影响。,,房地产销售成本同比增加54.07% || 毛利率比上年同期增减-15.90%,False,sufficient,False,证据包括明确的风险描述、财务数据表格和子公司经营细节，支撑了9条风险暴露的提取。
output/risk_exposure_sw3_430101_25_strict/02_stage2/A000965_2023/A000965_2023_risk_exposure.json,A000965,天保基建,2023,A000965_2023,供应商集中度高,供应链,供应商依赖,2,"前五名供应商合计采购金额（元） | 2,629,834,836.58
前五名供应商合计采购金额占年度采购总额比例 | 68.99%",前五名供应商集中度高达68.99%，显示对少数供应商依赖，构成供应链风险。,集中度高可能导致议价能力弱或供应中断风险。,,前五名供应商合计采购金额占年度采购总额比例68.99%,False,sufficient,False,证据包括明确的风险描述、财务数据表格和子公司经营细节，支撑了9条风险暴露的提取。
output/risk_exposure_sw3_430101_25_strict/02_stage2/A000965_2023/A000965_2023_risk_exposure.json,A000965,天保基建,2023,A000965_2023,经营活动现金流大幅流出,财务流动性,现金净流出,3,"经营活动产生的现金流量净额 | -1,436,090,642.46 | 799,866,184.03 | -282,303,047.64 | -325,824,544.62 || 1、经营活动现金流出同比增加 147.13%，主要是本期支付的土地款增加所致；",经营活动现金流净额各季度均为负或波动巨大，显示流动性压力。 || 现金流流出大幅增加，主要因支付土地款，加剧流动性风险。,大额负现金流直接危及公司短期偿债能力和持续经营。,为满足公司资金需求，保障公司资金链的安全，在做好加大销售回款的同时，一方面充分运用上市公司融资平台，围绕公司战略，着力筹划新资本运作策略；另一方面，加强全面预算管理，合理安排资金的使用，增强资金使用的计划性，提高资金使用效率。,经营活动现金流量净额全年累计约-1.24亿元（根据季度数据计算） || 经营活动现金流出同比增加147.13%,False,sufficient,False,证据包括明确的风险描述、财务数据表格和子公司经营细节，支撑了9条风险暴露的提取。
output/risk_exposure_sw3_430101_25_strict/02_stage2/A000965_2023/A000965_2023_risk_exposure.json,A000965,天保基建,2023,A000965_2023,存货高企,财务流动性,存货减值,2,"存货 | 9,504,544,776.46 | 70.41% | 9,102,741,756.46 | 71.01% | -0.60%",存货占总资产70.41%，金额巨大且占比极高，存在减值风险和流动性沉淀。,高存货占用大量资金，市场下行时易引发减值损失。,,存货占总资产比例70.41% || 存货金额95.05亿元,False,sufficient,False,证据包括明确的风险描述、财务数据表格和子公司经营细节，支撑了9条风险暴露的提取。
output/risk_exposure_sw3_430101_25_strict/02_stage2/A000965_2023/A000965_2023_risk_exposure.json,A000965,天保基建,2023,A000965_2023,子公司亏损及资产减值,财务流动性,子公司经营,2,"净利润为-21,639.43万元，比上年同期减少1,313.75万元，减少6.46%。报告期内营业利润、净利润较上年同期减少，主要是报告期内计提资产减值损失增加所致。",子公司天保盛源净利润亏损，因计提资产减值损失增加，显示资产质量恶化和子公司经营困境。,子公司亏损直接影响合并净利润，且减值损失增加表明资产价值下降。,,"净利润为-21,639.43万元 || 主要因计提资产减值损失增加",False,sufficient,False,证据包括明确的风险描述、财务数据表格和子公司经营细节，支撑了9条风险暴露的提取。
output/risk_exposure_sw3_430101_25_strict/02_stage2/A000965_2023/A000965_2023_risk_exposure.json,A000965,天保基建,2023,A000965_2023,收入大幅波动,需求周期,销售波动,2,"报告期内，滨海开元公司实现营业收入为 30,904.01 万元，比上年同期减少 81,661.16万元，减少 72.55%。",子公司营业收入同比暴跌72.55%，显示房地产销售收入高度波动，构成需求周期风险。,收入剧烈波动反映市场需求不稳定，影响业绩可预测性。,,营业收入同比减少72.55%,False,sufficient,False,证据包括明确的风险描述、财务数据表格和子公司经营细节，支撑了9条风险暴露的提取。
